# Made in Blockbench 5.1.5
mtllib smallbus.mtl

o karrosserie
v 0.463229 0.256564 0.589591
v 0.315193 0.256564 0.589591
v 0.315193 0.321471 0.632961
v 0.464399 0.328917 0.923349
v 0.464399 0.374569 0.855025
v 0.463229 0.364841 0.850995
v 0.464399 0.328917 0.625515
v 0.464399 0.260593 0.579863
v 0.463229 0.256564 0.589591
v 0.464399 0.18 0.563832
v 0.463229 0.18 0.574362
v 0.440998 0.18 1.008432
v 0.440998 0.18 1.151307
v 0.440998 0.614925 1.151913
v 0.463229 0.18 0.574362
v 0.315193 0.18 0.574362
v 0.440998 0.18 1.008432
v 0.440998 0.269548 0.99062
v 0.464399 0.260593 0.969001
v 0.440998 0.345463 0.939895
v 0.464399 0.328917 0.923349
v 0.440999 0.396188 0.86398
v 0.464399 0.374569 0.855025
v 0.440999 0.414 0.774432
v 0.464399 0.3906 0.774432
v 0.463229 0.38007 0.774432
v 0.315193 0.38007 0.774432
v 0.315193 0.364841 0.850995
v 0.463229 0.321471 0.915903
v 0.463229 0.256564 0.959273
v 0.464399 0.260593 0.969001
v 0.463228 0.18 0.974502
v 0.441001 0.18 -0.998568
v 0.441001 0.18 -0.917568
v 0.441001 0.269548 -0.899756
v 0.464399 0.3906 0.774432
v 0.463229 0.38007 0.774432
v 0.463229 0.321471 0.915903
v 0.463229 0.364841 0.850995
v 0.315193 0.321471 0.915903
v 0.315192 0.256564 0.959273
v 0.463229 0.256564 0.959273
v 0.315192 0.18 0.974502
v 0.464401 0.374569 -0.764161
v 0.463231 0.364841 -0.760132
v 0.463231 0.38007 -0.683568
v 0.463231 0.18 -0.883638
v 0.315195 0.18 -0.883638
v 0.315195 0.256564 -0.868409
v 0.463231 0.321471 -0.825039
v 0.315195 0.321471 -0.825039
v 0.315195 0.364841 -0.760132
v 0.464401 0.260593 -0.878137
v 0.464401 0.18 -0.894168
v 0.463231 0.18 -0.883638
v 0.463231 0.256564 -0.868409
v 0.463231 0.321471 -0.825039
v 0.463231 0.256564 -0.868409
v 0.315193 0.321471 0.632961
v 0.315193 0.256564 0.589591
v 0.314999 0.18 0.774432
v 0.315192 0.256564 0.959273
v 0.315193 0.321471 0.915903
v 0.315193 0.364841 0.850995
v 0.315193 0.18 0.574362
v 0.315192 0.18 0.974502
v 0.315193 0.38007 0.774432
v 0.441 0.396188 -0.59402
v 0.441001 0.414 -0.683568
v 0.464401 0.3906 -0.683568
v 0.441001 0.396188 -0.773116
v 0.464401 0.374569 -0.764161
v 0.441001 0.345463 -0.849031
v 0.464401 0.328917 -0.832485
v 0.463231 0.38007 -0.683568
v 0.315195 0.38007 -0.683568
v 0.315195 0.364841 -0.607005
v 0.441001 0.269548 -0.899756
v 0.464401 0.260593 -0.878137
v 0.441001 0.18 -0.917568
v 0.464401 0.18 -0.894168
v 0.4644 0.328917 -0.534651
v 0.46323 0.321471 -0.542097
v 0.46323 0.256564 -0.498728
v 0.4644 0.260593 -0.488999
v 0.46323 0.18 -0.483498
v 0.463231 0.364841 -0.760132
v 0.464401 0.328917 -0.832485
v 0.464401 0.3906 -0.683568
v 0.463231 0.364841 -0.607005
v 0.46323 0.321471 -0.542097
v 0.315194 0.321471 -0.542097
v 0.315194 0.256564 -0.498728
v 0.46323 0.256564 -0.498728
v 0.315194 0.18 -0.483498
v 0.315195 0.321471 -0.825039
v 0.315195 0.256564 -0.868409
v 0.315001 0.18 -0.683568
v 0.315195 0.364841 -0.760132
v 0.315194 0.256564 -0.498728
v 0.315194 0.321471 -0.542097
v 0.315195 0.18 -0.883638
v 0.315194 0.18 -0.483498
v 0.315195 0.364841 -0.607005
v 0.315195 0.38007 -0.683568
v 0.441 0.614925 -0.297672
v 0.441001 0.614925 -0.764029
v 0.441001 0.414 -0.683568
v 0.380388 0.945 1.118906
v 0.440998 0.614925 1.151913
v 0.396898 0.614925 1.151913
v 0.440999 0.396188 0.684884
v 0.440999 0.345463 0.608969
v 0.464399 0.328917 0.625515
v 0.441 0.614925 0.133976
v 0.387 0.909 0.133976
v 0.36 0.909 0.133975
v 0.441001 0.614925 -0.764029
v 0.414001 0.614925 -0.764029
v 0.36 0.909 -0.4574
v 0.396901 0.614925 -0.816268
v 0.3429 0.909 -0.514215
v 0.344974 0.897705 -0.499956
v 0.396898 0.614925 1.151913
v 0.396898 0.614925 1.125079
v 0.342898 0.908933 1.095679
v 0.441 0.614925 0.176375
v 0.414 0.614925 0.176375
v 0.36 0.909 0.176375
v 0.464401 0.374569 -0.602975
v 0.4644 0.328917 -0.534651
v 0.387 0.909 0.133976
v 0.441 0.614925 0.133976
v 0.441 0.614925 0.176375
v 0.441 0.269548 -0.46738
v 0.441 0.345463 -0.518105
v 0.440999 0.614925 0.993594
v 0.386999 0.909 0.993594
v 0.360539 0.909 0.993594
v 0.463229 0.364841 0.697868
v 0.315193 0.364841 0.697868
v 0.464399 0.374569 0.693839
v 0.464399 0.374569 0.693839
v 0.463229 0.364841 0.697868
v 0.315193 0.364841 0.697868
v 0.440999 0.614925 0.610088
v 0.413999 0.614925 0.610087
v 0.359999 0.909 0.610087
v 0.440999 0.614925 0.567688
v 0.386999 0.909 0.567688
v 0.359999 0.909 0.567688
v 0.440999 0.614925 0.993594
v 0.380388 0.945 1.118906
v 0.441 0.396188 -0.59402
v 0.441 0.345463 -0.518105
v 0.441 0.614925 -0.255273
v 0.440999 0.396188 0.86398
v 0.440998 0.345463 0.939895
v 0.440998 0.269548 0.99062
v 0.38039 0.945 -0.477238
v 0.3429 0.909 -0.514215
v 0.396901 0.614925 -0.816268
v 0.387 0.909 -0.4574
v 0.38039 0.945 -0.477238
v 0.441001 0.614925 -0.816268
v 0.441001 0.481327 -0.972506
v 0.441001 0.27 -0.998568
v 0.464401 0.374569 -0.602975
v 0.463231 0.364841 -0.607005
v 0.4644 0.260593 -0.488999
v 0.4644 0.18 -0.472968
v 0.463229 0.321471 0.632961
v 0.380389 0.945 0.152919
v 0.387 0.909 0.176375
v 0.441001 0.345463 -0.849031
v 0.463229 0.321471 0.632961
v 0.440999 0.269548 0.558244
v 0.440999 0.18 0.540432
v 0.464399 0.18 0.563832
v 0.464399 0.260593 0.579863
v 0.441001 0.481327 -0.972506
v 0.441001 0.614925 -0.816268
v 0.440999 0.414 0.774432
v 0.440998 0.18 1.151307
v 0.38039 0.945 -0.278728
v 0.387 0.909 -0.297672
v 0.387 0.909 -0.255273
v 0.441 0.614925 -0.255273
v 0.414 0.614925 -0.255273
v 0.36 0.909 -0.255273
v 0.380389 0.945 0.586632
v 0.386999 0.909 0.567688
v 0.386999 0.909 0.610087
v 0.441 0.614925 -0.297672
v 0.387 0.909 -0.297672
v 0.36 0.909 -0.297672
v 0.440999 0.614925 0.567688
v 0.440999 0.614925 0.610088
v 0.359999 0.909 0.610087
v 0.360539 0.909 0.993594
v 0.386999 0.909 0.993594
v 0.359999 0.909 0.567688
v 0.386999 0.909 0.567688
v 0.387 0.909 0.176375
v 0.36 0.909 0.133975
v 0.387 0.909 0.133976
v 0.387 0.909 -0.255273
v 0.387 0.909 -0.297672
v 0.387 0.909 -0.4574
v 0.36 0.909 -0.4574
v 0.386999 0.909 0.993594
v 0.441 0.614925 -0.297672
v 0.414 0.614925 -0.297672
v 0.414001 0.614925 -0.764029
v 0.441 0.614925 0.133976
v 0.414 0.614925 0.133976
v 0.414 0.614925 -0.255273
v 0.440999 0.614925 0.567688
v 0.413999 0.614925 0.567688
v 0.414 0.614925 0.176375
v 0.413999 0.614925 0.610087
v 0.440999 0.614925 0.610088
v 0.440999 0.614925 0.993594
v 0.440999 0.269548 0.558244
v 0.441 0.269548 -0.46738
v 0.441 0.18 -0.449568
v 0.440999 0.396188 0.684884
v 0.440999 0.345463 0.608969
v -0.315195 0.321471 0.63296
v -0.315195 0.256564 0.58959
v -0.463231 0.256564 0.58959
v -0.464401 0.328917 0.923347
v -0.463231 0.321471 0.915902
v -0.463231 0.364841 0.850994
v -0.463231 0.321471 0.63296
v -0.463231 0.256564 0.58959
v -0.464401 0.260593 0.579862
v -0.463231 0.18 0.574361
v -0.441002 0.614925 1.151912
v -0.441002 0.18 1.151306
v -0.441001 0.18 1.008431
v -0.315195 0.18 0.574361
v -0.464401 0.18 0.985031
v -0.464401 0.260593 0.969
v -0.441001 0.269548 0.990619
v -0.464401 0.328917 0.923347
v -0.464401 0.374569 0.855024
v -0.441001 0.396188 0.863979
v -0.464401 0.3906 0.774431
v -0.441001 0.414 0.774431
v -0.315195 0.364841 0.850994
v -0.315195 0.38007 0.774431
v -0.463231 0.38007 0.774431
v -0.463231 0.256564 0.959271
v -0.463231 0.18 0.974501
v -0.464401 0.260593 0.969
v -0.440999 0.269548 -0.899757
v -0.440999 0.18 -0.917569
v -0.440999 0.18 -0.998569
v -0.464401 0.374569 0.855024
v -0.463231 0.38007 0.774431
v -0.463231 0.321471 0.915902
v -0.315195 0.321471 0.915902
v -0.315195 0.256564 0.959272
v -0.463231 0.18 0.974501
v -0.315195 0.18 0.974501
v -0.464399 0.3906 -0.683569
v -0.463229 0.38007 -0.683569
v -0.463229 0.364841 -0.760133
v -0.315193 0.256564 -0.86841
v -0.315193 0.18 -0.883639
v -0.463229 0.18 -0.883639
v -0.315193 0.364841 -0.760133
v -0.315193 0.321471 -0.82504
v -0.463229 0.321471 -0.82504
v -0.464399 0.260593 -0.878138
v -0.463229 0.256564 -0.86841
v -0.463229 0.18 -0.883639
v -0.463229 0.321471 -0.82504
v -0.463229 0.256564 -0.86841
v -0.315195 0.321471 0.63296
v -0.315001 0.18 0.774431
v -0.315195 0.256564 0.58959
v -0.315195 0.256564 0.959272
v -0.315195 0.321471 0.915902
v -0.315195 0.364841 0.850994
v -0.315195 0.18 0.574361
v -0.315195 0.18 0.974501
v -0.315195 0.38007 0.774431
v -0.464399 0.374569 -0.602976
v -0.464399 0.3906 -0.683569
v -0.440999 0.414 -0.683569
v -0.464399 0.374569 -0.764163
v -0.440999 0.396188 -0.773117
v -0.464399 0.328917 -0.832486
v -0.440999 0.345463 -0.849032
v -0.315193 0.364841 -0.607006
v -0.315193 0.38007 -0.683569
v -0.463229 0.38007 -0.683569
v -0.464399 0.260593 -0.878138
v -0.440999 0.269548 -0.899757
v -0.464399 0.18 -0.894169
v -0.440999 0.18 -0.917569
v -0.463229 0.256564 -0.498729
v -0.463229 0.321471 -0.542098
v -0.464399 0.328917 -0.534653
v -0.463229 0.18 -0.483499
v -0.464399 0.260593 -0.489
v -0.463229 0.364841 -0.760133
v -0.464399 0.328917 -0.832486
v -0.464399 0.374569 -0.602976
v -0.463229 0.364841 -0.607006
v -0.315193 0.256564 -0.498729
v -0.315193 0.321471 -0.542098
v -0.463229 0.321471 -0.542098
v -0.463229 0.18 -0.483499
v -0.315193 0.18 -0.483499
v -0.315193 0.321471 -0.82504
v -0.314999 0.18 -0.683569
v -0.315193 0.256564 -0.86841
v -0.315193 0.364841 -0.760133
v -0.315193 0.256564 -0.498729
v -0.315193 0.321471 -0.542098
v -0.315193 0.18 -0.883639
v -0.315193 0.18 -0.483499
v -0.315193 0.364841 -0.607006
v -0.315193 0.38007 -0.683569
v -0.441 0.614925 -0.297673
v -0.440999 0.396188 -0.594021
v -0.440999 0.414 -0.683569
v -0.380391 0.945 1.118905
v -0.342902 0.909 1.122505
v -0.396902 0.614925 1.151912
v -0.441001 0.396188 0.684883
v -0.464401 0.374569 0.693838
v -0.464401 0.328917 0.625514
v -0.441 0.614925 0.133974
v -0.414 0.614925 0.133974
v -0.36 0.909 0.133975
v -0.359999 0.909 -0.457401
v -0.413999 0.614925 -0.764031
v -0.440999 0.614925 -0.764031
v -0.396899 0.614925 -0.816269
v -0.396899 0.614925 -0.790409
v -0.344973 0.897705 -0.499957
v -0.342902 0.908933 1.095678
v -0.396902 0.614925 1.125078
v -0.396902 0.614925 1.151912
v -0.36 0.909 0.176374
v -0.414 0.614925 0.176374
v -0.441 0.614925 0.176374
v -0.464399 0.328917 -0.534653
v -0.440999 0.396188 -0.594021
v -0.441 0.614925 0.176374
v -0.441 0.614925 0.133974
v -0.387 0.909 0.133974
v -0.464399 0.260593 -0.489
v -0.440999 0.345463 -0.518106
v -0.441001 0.614925 0.993593
v -0.414542 0.614925 0.993593
v -0.360541 0.909 0.993593
v -0.315195 0.364841 0.697867
v -0.463231 0.364841 0.697867
v -0.463231 0.364841 0.697867
v -0.464401 0.374569 0.693838
v -0.315195 0.364841 0.697867
v -0.360001 0.909 0.610086
v -0.414001 0.614925 0.610086
v -0.441001 0.614925 0.610086
v -0.441001 0.614925 0.567687
v -0.414001 0.614925 0.567687
v -0.360001 0.909 0.567687
v -0.441001 0.614925 0.993593
v -0.387001 0.909 0.993593
v -0.380391 0.945 1.118905
v -0.441 0.614925 -0.255274
v -0.440999 0.345463 -0.518106
v -0.441001 0.345463 0.939894
v -0.441001 0.396188 0.863979
v -0.441001 0.269548 0.990619
v -0.396899 0.614925 -0.816269
v -0.342899 0.909 -0.514216
v -0.380389 0.945 -0.477239
v -0.386999 0.909 -0.457401
v -0.440999 0.614925 -0.764031
v -0.440999 0.614925 -0.816269
v -0.440999 0.481327 -0.972508
v -0.440999 0.345463 -0.849032
v -0.463229 0.364841 -0.607006
v -0.464399 0.18 -0.472969
v -0.440999 0.269548 -0.467382
v -0.463231 0.321471 0.63296
v -0.38039 0.945 0.152918
v -0.387 0.909 0.176374
v -0.464401 0.328917 0.625514
v -0.441001 0.269548 0.558243
v -0.464401 0.260593 0.579862
v -0.464401 0.18 0.563831
v -0.440999 0.481327 -0.972508
v -0.440999 0.614925 -0.816269
v -0.441001 0.414 0.774431
v -0.441002 0.18 1.151306
v -0.441002 0.614925 1.151912
v -0.380389 0.945 -0.278729
v -0.387 0.909 -0.255274
v -0.387 0.909 -0.297673
v -0.36 0.909 -0.255274
v -0.414 0.614925 -0.255274
v -0.441 0.614925 -0.255274
v -0.38039 0.945 0.586631
v -0.387001 0.909 0.610086
v -0.387001 0.909 0.567687
v -0.441 0.614925 -0.297673
v -0.414 0.614925 -0.297673
v -0.36 0.909 -0.297673
v -0.441001 0.614925 0.610086
v -0.441001 0.614925 0.567687
v -0.360001 0.909 0.610086
v -0.387001 0.909 0.610086
v -0.387001 0.909 0.993593
v -0.387 0.909 0.176374
v -0.387001 0.909 0.567687
v -0.360001 0.909 0.567687
v -0.387 0.909 -0.255274
v -0.387 0.909 0.133974
v -0.36 0.909 0.133975
v -0.359999 0.909 -0.457401
v -0.386999 0.909 -0.457401
v -0.387 0.909 -0.297673
v -0.380389 0.945 -0.477239
v -0.440999 0.614925 -0.764031
v -0.413999 0.614925 -0.764031
v -0.414 0.614925 -0.297673
v -0.414 0.614925 -0.255274
v -0.414 0.614925 0.133974
v -0.441 0.614925 0.133974
v -0.414 0.614925 0.176374
v -0.414001 0.614925 0.567687
v -0.441001 0.614925 0.567687
v -0.414001 0.614925 0.610086
v -0.414542 0.614925 0.993593
v -0.441001 0.614925 0.993593
v -0.441001 0.269548 0.558243
v -0.441001 0.18 0.540431
v -0.440999 0.18 -0.449569
v -0.441001 0.396188 0.684883
v -0.441001 0.345463 0.608968
v -0.440999 0.269548 -0.467382
v 0.342898 0.909 1.122506
v 0.342898 0.908933 1.095679
v -0.342902 0.908933 1.095678
v 0.396901 0.614925 -0.790408
v -0.396899 0.614925 -0.790409
v -0.396899 0.614925 -0.816269
v 0.441001 0.481327 -0.972506
v -0.440999 0.481327 -0.972508
v -0.440999 0.27 -0.998569
v 0.441001 0.27 -0.998568
v -0.440999 0.18 -0.998569
v -0.344973 0.897705 -0.499957
v 0.344974 0.897705 -0.499956
v 0.3429 0.909 -0.514215
v -0.396902 0.614925 1.151912
v -0.396902 0.614925 1.125078
v 0.396898 0.614925 1.125079
v 0.342898 0.909 1.122506
v 0.38039 0.945 -0.278728
v -0.380389 0.945 -0.278729
v -0.380389 0.945 -0.477239
v 0.380389 0.945 0.152919
v -0.38039 0.945 0.152918
v 0.380389 0.945 0.586632
v -0.38039 0.945 0.586631
v -0.380391 0.945 1.118905
v 0.464398 0.18 0.985032
v 0.464398 0.18 0.985032
v 0.463228 0.18 0.974502
v 0.4644 0.18 -0.472968
v 0.46323 0.18 -0.483498
v 0.414 0.614925 0.133976
v 0.387 0.909 -0.4574
v 0.396901 0.614925 -0.790408
v 0.342898 0.909 1.122506
v 0.387 0.909 0.176375
v 0.414539 0.614925 0.993594
v 0.386999 0.909 0.610087
v 0.413999 0.614925 0.567688
v 0.441001 0.396188 -0.773116
v 0.441 0.18 -0.449568
v 0.387 0.909 -0.255273
v 0.414 0.614925 -0.297672
v 0.386999 0.909 0.610087
v 0.36 0.909 0.176375
v 0.36 0.909 -0.255273
v 0.36 0.909 -0.297672
v 0.441001 0.614925 -0.764029
v 0.441 0.614925 -0.255273
v 0.441 0.614925 0.176375
v 0.414539 0.614925 0.993594
v 0.440999 0.18 0.540432
v -0.464401 0.18 0.563831
v -0.463231 0.18 0.574361
v -0.441001 0.18 1.008431
v -0.441001 0.345463 0.939894
v -0.463231 0.364841 0.850994
v -0.464401 0.18 0.985031
v -0.440999 0.27 -0.998569
v -0.464401 0.3906 0.774431
v -0.463231 0.256564 0.959271
v -0.464399 0.374569 -0.764163
v -0.464399 0.18 -0.894169
v -0.464399 0.18 -0.472969
v -0.463229 0.256564 -0.498729
v -0.441001 0.345463 0.608968
v -0.387 0.909 0.133974
v -0.386999 0.909 -0.457401
v -0.342899 0.909 -0.514216
v -0.342902 0.909 1.122505
v -0.387 0.909 0.176374
v -0.387001 0.909 0.993593
v -0.387001 0.909 0.610086
v -0.387001 0.909 0.567687
v -0.440999 0.396188 -0.773117
v -0.440999 0.18 -0.449569
v -0.441001 0.18 0.540431
v -0.387 0.909 -0.255274
v -0.387 0.909 -0.297673
v -0.360541 0.909 0.993593
v -0.36 0.909 0.176374
v -0.36 0.909 -0.255274
v -0.36 0.909 -0.297673
v -0.441 0.614925 -0.297673
v -0.441 0.614925 -0.255274
v -0.441 0.614925 0.176374
v -0.441001 0.614925 0.610086
v -0.342902 0.909 1.122505
v 0.396901 0.614925 -0.816268
v 0.441001 0.18 -0.998568
v -0.342899 0.909 -0.514216
v 0.396898 0.614925 1.151913
v 0.38039 0.945 -0.477238
v 0.380388 0.945 1.118906
vt 0 1
vt 0 1
vt 0 1
vt 0 1
vt 0 1
vt 0 1
vt 0 1
vt 0 1
vt 0 1
vt 0 1
vt 0 1
vt 0 1
vt 0 1
vt 0 1
vt 0 1
vt 0 1
vt 0 1
vt 0 1
vt 0 1
vt 0 1
vt 0 1
vt 0 1
vt 0 1
vt 0 1
vt 0 1
vt 0 1
vt 0 1
vt 0 1
vt 0 1
vt 0 1
vt 0 1
vt 0 1
vt 0 1
vt 0 1
vt 0 1
vt 0 1
vt 0 1
vt 0 1
vt 0 1
vt 0 1
vt 0 1
vt 0 1
vt 0 1
vt 0 1
vt 0 1
vt 0 1
vt 0 1
vt 0 1
vt 0 1
vt 0 1
vt 0 1
vt 0 1
vt 0 1
vt 0 1
vt 0 1
vt 0 1
vt 0 1
vt 0 1
vt 0 1
vt 0 1
vt 0 1
vt 0 1
vt 0 1
vt 0 1
vt 0 1
vt 0 1
vt 0 1
vt 0 1
vt 0 1
vt 0 1
vt 0 1
vt 0 1
vt 0 1
vt 0 1
vt 0 1
vt 0 1
vt 0 1
vt 0 1
vt 0 1
vt 0 1
vt 0 1
vt 0 1
vt 0 1
vt 0 1
vt 0 1
vt 0 1
vt 0 1
vt 0 1
vt 0 1
vt 0 1
vt 0 1
vt 0 1
vt 0 1
vt 0 1
vt 0 1
vt 0 1
vt 0 1
vt 0 1
vt 0 1
vt 0 1
vt 0 1
vt 0 1
vt 0 1
vt 0 1
vt 0 1
vt 0 1
vt 0 1
vt 0 1
vt 0 1
vt 0 1
vt 0 1
vt 0 1
vt 0 1
vt 0 1
vt 0 1
vt 0 1
vt 0 1
vt 0 1
vt 0 1
vt 0 1
vt 0 1
vt 0 1
vt 0 1
vt 0 1
vt 0 1
vt 0 1
vt 0 1
vt 0 1
vt 0 1
vt 0 1
vt 0 1
vt 0 1
vt 0 1
vt 0 1
vt 0 1
vt 0 1
vt 0 1
vt 0 1
vt 0 1
vt 0 1
vt 0 1
vt 0 1
vt 0 1
vt 0 1
vt 0 1
vt 0 1
vt 0 1
vt 0 1
vt 0 1
vt 0 1
vt 0 1
vt 0 1
vt 0 1
vt 0 1
vt 0 1
vt 0 1
vt 0 1
vt 0 1
vt 0 1
vt 0 1
vt 0 1
vt 0 1
vt 0 1
vt 0 1
vt 0 1
vt 0 1
vt 0 1
vt 0 1
vt 0 1
vt 0 1
vt 0 1
vt 0 1
vt 0 1
vt 0 1
vt 0 1
vt 0 1
vt 0 1
vt 0 1
vt 0 1
vt 0 1
vt 0 1
vt 0 1
vt 0 1
vt 0 1
vt 0 1
vt 0 1
vt 0 1
vt 0 1
vt 0 1
vt 0 1
vt 0 1
vt 0 1
vt 0 1
vt 0 1
vt 0 1
vt 0 1
vt 0 1
vt 0 1
vt 0 1
vt 0 1
vt 0 1
vt 0 1
vt 0 1
vt 0 1
vt 0 1
vt 0 1
vt 0 1
vt 0 1
vt 0 1
vt 0 1
vt 0 1
vt 0 1
vt 0 1
vt 0 1
vt 0 1
vt 0 1
vt 0 1
vt 0 1
vt 0 1
vt 0 1
vt 0 1
vt 0 1
vt 0 1
vt 0 1
vt 0 1
vt 0 1
vt 0 1
vt 0 1
vt 0 1
vt 0 1
vt 0 1
vt 0 1
vt 0 1
vt 0 1
vt 0 1
vt 0 1
vt 0 1
vt 0 1
vt 0 1
vt 0 1
vt 0 1
vt 0 1
vt 0 1
vt 0 1
vt 0 1
vt 0 1
vt 0 1
vt 0 1
vt 0 1
vt 0 1
vt 0 1
vt 0 1
vt 0 1
vt 0 1
vt 0 1
vt 0 1
vt 0 1
vt 0 1
vt 0 1
vt 0 1
vt 0 1
vt 0 1
vt 0 1
vt 0 1
vt 0 1
vt 0 1
vt 0 1
vt 0 1
vt 0 1
vt 0 1
vt 0 1
vt 0 1
vt 0 1
vt 0 1
vt 0 1
vt 0 1
vt 0 1
vt 0 1
vt 0 1
vt 0 1
vt 0 1
vt 0 1
vt 0 1
vt 0 1
vt 0 1
vt 0 1
vt 0 1
vt 0 1
vt 0 1
vt 0 1
vt 0 1
vt 0 1
vt 0 1
vt 0 1
vt 0 1
vt 0 1
vt 0 1
vt 0 1
vt 0 1
vt 0 1
vt 0 1
vt 0 1
vt 0 1
vt 0 1
vt 0 1
vt 0 1
vt 0 1
vt 0 1
vt 0 1
vt 0 1
vt 0 1
vt 0 1
vt 0 1
vt 0 1
vt 0 1
vt 0 1
vt 0 1
vt 0 1
vt 0 1
vt 0 1
vt 0 1
vt 0 1
vt 0 1
vt 0 1
vt 0 1
vt 0 1
vt 0 1
vt 0 1
vt 0 1
vt 0 1
vt 0 1
vt 0 1
vt 0 1
vt 0 1
vt 0 1
vt 0 1
vt 0 1
vt 0 1
vt 0 1
vt 0 1
vt 0 1
vt 0 1
vt 0 1
vt 0 1
vt 0 1
vt 0 1
vt 0 1
vt 0 1
vt 0 1
vt 0 1
vt 0 1
vt 0 1
vt 0 1
vt 0 1
vt 0 1
vt 0 1
vt 0 1
vt 0 1
vt 0 1
vt 0 1
vt 0 1
vt 0 1
vt 0 1
vt 0 1
vt 0 1
vt 0 1
vt 0 1
vt 0 1
vt 0 1
vt 0 1
vt 0 1
vt 0 1
vt 0 1
vt 0 1
vt 0 1
vt 0 1
vt 0 1
vt 0 1
vt 0 1
vt 0 1
vt 0 1
vt 0 1
vt 0 1
vt 0 1
vt 0 1
vt 0 1
vt 0 1
vt 0 1
vt 0 1
vt 0 1
vt 0 1
vt 0 1
vt 0 1
vt 0 1
vt 0 1
vt 0 1
vt 0 1
vt 0 1
vt 0 1
vt 0 1
vt 0 1
vt 0 1
vt 0 1
vt 0 1
vt 0 1
vt 0 1
vt 0 1
vt 0 1
vt 0 1
vt 0 1
vt 0 1
vt 0 1
vt 0 1
vt 0 1
vt 0 1
vt 0 1
vt 0 1
vt 0 1
vt 0 1
vt 0 1
vt 0 1
vt 0 1
vt 0 1
vt 0 1
vt 0 1
vt 0 1
vt 0 1
vt 0 1
vt 0 1
vt 0 1
vt 0 1
vt 0 1
vt 0 1
vt 0 1
vt 0 1
vt 0 1
vt 0 1
vt 0 1
vt 0 1
vt 0 1
vt 0 1
vt 0 1
vt 0 1
vt 0 1
vt 0 1
vt 0 1
vt 0 1
vt 0 1
vt 0 1
vt 0 1
vt 0 1
vt 0 1
vt 0 1
vt 0 1
vt 0 1
vt 0 1
vt 0 1
vt 0 1
vt 0 1
vt 0 1
vt 0 1
vt 0 1
vt 0 1
vt 0 1
vt 0 1
vt 0 1
vt 0 1
vt 0 1
vt 0 1
vt 0 1
vt 0 1
vt 0 1
vt 0 1
vt 0 1
vt 0 1
vt 0 1
vt 0 1
vt 0 1
vt 0 1
vt 0 1
vt 0 1
vt 0 1
vt 0 1
vt 0 1
vt 0 1
vt 0 1
vt 0 1
vt 0 1
vt 0 1
vt 0 1
vt 0 1
vt 0 1
vt 0 1
vt 0 1
vt 0 1
vt 0 1
vt 0 1
vt 0 1
vt 0 1
vt 0 1
vt 0 1
vt 0 1
vt 0 1
vt 0 1
vt 0 1
vt 0 1
vt 0 1
vt 0 1
vt 0 1
vt 0 1
vt 0 1
vt 0 1
vt 0 1
vt 0 1
vt 0 1
vt 0 1
vt 0 1
vt 0 1
vt 0 1
vt 0 1
vt 0 1
vt 0 1
vt 0 1
vt 0 1
vt 0 1
vt 0 1
vt 0 1
vt 0 1
vt 0 1
vt 0 1
vt 0 1
vt 0 1
vt 0 1
vt 0 1
vt 0 1
vt 0 1
vt 0 1
vt 0 1
vt 0 1
vt 0 1
vt 0 1
vt 0 1
vt 0 1
vt 0 1
vt 0 1
vt 0 1
vt 0 1
vt 0 1
vt 0 1
vt 0 1
vt 0 1
vt 0 1
vt 0 1
vt 0 1
vt 0 1
vt 0 1
vt 0 1
vt 0 1
vt 0 1
vt 0 1
vt 0 1
vt 0 1
vt 0 1
vt 0 1
vt 0 1
vt 0 1
vt 0 1
vt 0 1
vt 0 1
vt 0 1
vt 0 1
vt 0 1
vt 0 1
vt 0 1
vt 0 1
vt 0 1
vt 0 1
vt 0 1
vt 0 1
vt 0 1
vt 0 1
vt 0 1
vt 0 1
vt 0 1
vt 0 1
vt 0 1
vt 0 1
vt 0 1
vt 0 1
vt 0 1
vt 0 1
vt 0 1
vt 0 1
vt 0 1
vt 0 1
vt 0 1
vt 0 1
vt 0 1
vt 0 1
vt 0 1
vt 0 1
vt 0 1
vt 0 1
vt 0 1
vt 0 1
vt 0 1
vt 0 1
vt 0 1
vt 0 1
vt 0 1
vt 0 1
vt 0 1
vt 0 1
vt 0 1
vt 0 1
vt 0 1
vt 0 1
vt 0 1
vt 0 1
vt 0 1
vt 0 1
vt 0 1
vt 0 1
vt 0 1
vt 0 1
vt 0 1
vt 0 1
vt 0 1
vt 0 1
vt 0 1
vt 0 1
vt 0 1
vt 0 1
vt 0 1
vt 0 1
vt 0 1
vt 0 1
vt 0 1
vt 0 1
vt 0 1
vt 0 1
vt 0 1
vt 0 1
vt 0 1
vt 0 1
vt 0 1
vt 0 1
vt 0 1
vt 0 1
vt 0 1
vt 0 1
vt 0 1
vt 0 1
vt 0 1
vt 0 1
vt 0 1
vt 0 1
vt 0 1
vt 0 1
vt 0 1
vt 0 1
vt 0 1
vt 0 1
vt 0 1
vt 0 1
vt 0 1
vt 0 1
vt 0 1
vt 0 1
vt 0 1
vt 0 1
vt 0 1
vt 0 1
vt 0 1
vt 0 1
vt 0 1
vt 0 1
vt 0 1
vt 0 1
vt 0 1
vt 0 1
vt 0 1
vt 0 1
vt 0 1
vt 0 1
vt 0 1
vt 0 1
vt 0 1
vt 0 1
vt 0 1
vt 0 1
vt 0 1
vt 0 1
vt 0 1
vt 0 1
vt 0 1
vt 0 1
vt 0 1
vt 0 1
vt 0 1
vt 0 1
vt 0 1
vt 0 1
vt 0 1
vt 0 1
vt 0 1
vt 0 1
vt 0 1
vt 0 1
vt 0 1
vt 0 1
vt 0 1
vt 0 1
vt 0 1
vt 0 1
vt 0 1
vt 0 1
vt 0 1
vt 0 1
vt 0 1
vt 0 1
vt 0 1
vt 0 1
vt 0 1
vt 0 1
vt 0 1
vt 0 1
vt 0 1
vt 0 1
vt 0 1
vt 0 1
vt 0 1
vt 0 1
vt 0 1
vt 0 1
vt 0 1
vt 0 1
vt 0 1
vt 0 1
vt 0 1
vt 0 1
vt 0 1
vt 0 1
vt 0 1
vt 0 1
vt 0 1
vt 0 1
vt 0 1
vt 0 1
vt 0 1
vt 0 1
vt 0 1
vt 0 1
vt 0 1
vt 0 1
vt 0 1
vt 0 1
vt 0 1
vt 0 1
vt 0 1
vt 0 1
vt 0 1
vt 0 1
vt 0 1
vt 0 1
vt 0 1
vt 0 1
vt 0 1
vt 0 1
vt 0 1
vt 0 1
vt 0 1
vt 0 1
vt 0 1
vt 0 1
vt 0 1
vt 0 1
vt 0 1
vt 0 1
vt 0 1
vt 0 1
vt 0 1
vt 0 1
vt 0 1
vt 0 1
vt 0 1
vt 0 1
vt 0 1
vt 0 1
vt 0 1
vt 0 1
vt 0 1
vt 0 1
vt 0 1
vt 0 1
vt 0 1
vt 0 1
vt 0 1
vt 0 1
vt 0 1
vt 0 1
vt 0 1
vt 0 1
vt 0 1
vt 0 1
vt 0 1
vt 0 1
vt 0 1
vt 0 1
vt 0 1
vt 0 1
vt 0 1
vt 0 1
vt 0 1
vt 0 1
vt 0 1
vt 0 1
vt 0 1
vt 0 1
vt 0 1
vt 0 1
vt 0 1
vt 0 1
vt 0 1
vt 0 1
vt 0 1
vt 0 1
vt 0 1
vt 0 1
vt 0 1
vt 0 1
vt 0 1
vt 0 1
vt 0 1
vt 0 1
vt 0 1
vt 0 1
vt 0 1
vt 0 1
vt 0 1
vt 0 1
vt 0 1
vt 0 1
vt 0 1
vt 0 1
vt 0 1
vt 0 1
vt 0 1
vt 0 1
vt 0 1
vt 0 1
vt 0 1
vt 0 1
vt 0 1
vt 0 1
vt 0 1
vt 0 1
vt 0 1
vt 0 1
vt 0 1
vt 0 1
vt 0 1
vt 0 1
vt 0 1
vt 0 1
vt 0 1
vt 0 1
vt 0 1
vt 0 1
vt 0 1
vt 0 1
vt 0 1
vt 0 1
vt 0 1
vt 0 1
vt 0 1
vt 0 1
vt 0 1
vt 0 1
vt 0 1
vt 0 1
vt 0 1
vt 0 1
vt 0 1
vt 0 1
vt 0 1
vt 0 1
vt 0 1
vt 0 1
vt 0 1
vt 0 1
vt 0 1
vt 0 1
vt 0 1
vt 0 1
vt 0 1
vt 0 1
vt 0 1
vt 0 1
vt 0 1
vt 0 1
vt 0 1
vt 0 1
vt 0 1
vt 0 1
vt 0 1
vt 0 1
vt 0 1
vt 0 1
vt 0 1
vt 0 1
vt 0 1
vt 0 1
vt 0 1
vt 0 1
vt 0 1
vt 0 1
vt 0 1
vt 0 1
vt 0 1
vt 0 1
vt 0 1
vt 0 1
vt 0 1
vt 0 1
vt 0 1
vt 0 1
vt 0 1
vt 0 1
vt 0 1
vt 0 1
vt 0 1
vt 0 1
vt 0 1
vt 0 1
vt 0 1
vt 0 1
vt 0 1
vt 0 1
vt 0 1
vt 0 1
vt 0 1
vt 0 1
vt 0 1
vt 0 1
vt 0 1
vt 0 1
vt 0 1
vt 0 1
vt 0 1
vt 0 1
vt 0 1
vt 0 1
vt 0 1
vt 0 1
vt 0 1
vt 0 1
vt 0 1
vt 0 1
vt 0 1
vt 0 1
vt 0 1
vt 0 1
vt 0 1
vt 0 1
vt 0 1
vt 0 1
vt 0 1
vt 0 1
vt 0 1
vt 0 1
vt 0 1
vt 0 1
vt 0 1
vt 0 1
vt 0 1
vt 0 1
vt 0 1
vt 0 1
vt 0 1
vt 0 1
vt 0 1
vt 0 1
vt 0 1
vt 0 1
vt 0 1
vt 0 1
vt 0 1
vt 0 1
vt 0 1
vt 0 1
vt 0 1
vt 0 1
vt 0 1
vt 0 1
vt 0 1
vt 0 1
vt 0 1
vt 0 1
vt 0 1
vt 0 1
vt 0 1
vt 0 1
vt 0 1
vt 0 1
vt 0 1
vt 0 1
vt 0 1
vt 0 1
vt 0 1
vt 0 1
vt 0 1
vt 0 1
vt 0 1
vt 0 1
vt 0 1
vt 0 1
vt 0 1
vt 0 1
vt 0 1
vt 0 1
vt 0 1
vt 0 1
vt 0 1
vt 0 1
vt 0 1
vt 0 1
vt 0 1
vt 0 1
vt 0 1
vt 0 1
vt 0 1
vt 0 1
vt 0 1
vt 0 1
vt 0 1
vt 0 1
vt 0 1
vt 0 1
vt 0 1
vt 0 1
vt 0 1
vt 0 1
vt 0 1
vt 0 1
vt 0 1
vt 0 1
vt 0 1
vt 0 1
vt 0 1
vt 0 1
vt 0 1
vt 0 1
vt 0 1
vt 0 1
vt 0 1
vt 0 1
vt 0 1
vt 0 1
vt 0 1
vt 0 1
vt 0 1
vt 0 1
vt 0 1
vt 0 1
vt 0 1
vt 0 1
vt 0 1
vt 0 1
vt 0 1
vt 0 1
vt 0 1
vt 0 1
vt 0 1
vt 0 1
vt 0 1
vt 0 1
vt 0 1
vt 0 1
vt 0 1
vt 0 1
vt 0 1
vt 0 1
vt 0 1
vt 0 1
vt 0 1
vt 0 1
vt 0 1
vt 0 1
vt 0 1
vt 0 1
vt 0 1
vt 0 1
vt 0 1
vt 0 1
vt 0 1
vt 0 1
vt 0 1
vt 0 1
vt 0 1
vt 0 1
vt 0 1
vt 0 1
vt 0 1
vt 0 1
vt 0 1
vt 0 1
vt 0 1
vt 0 1
vt 0 1
vt 0 1
vt 0 1
vt 0 1
vt 0 1
vt 0 1
vt 0 1
vt 0 1
vt 0 1
vt 0 1
vt 0 1
vt 0 1
vt 0 1
vt 0 1
vt 0 1
vt 0 1
vt 0 1
vt 0 1
vt 0 1
vt 0 1
vt 0 1
vt 0 1
vt 0 1
vt 0 1
vt 0 1
vt 0 1
vt 0 1
vt 0 1
vt 0 1
vt 0 1
vt 0 1
vt 0 1
vt 0 1
vt 0 1
vt 0 1
vt 0 1
vt 0 1
vt 0 1
vt 0 1
vt 0 1
vt 0 1
vt 0 1
vt 0 1
vt 0 1
vt 0 1
vt 0 1
vt 0 1
vt 0 1
vt 0 1
vt 0 1
vt 0 1
vt 0 1
vt 0 1
vt 0 1
vt 0 1
vt 0 1
vt 0 1
vt 0 1
vt 0 1
vt 0 1
vt 0 1
vt 0 1
vt 0 1
vt 0 1
vt 0 1
vt 0 1
vt 0 1
vt 0 1
vt 0 1
vt 0 1
vt 0 1
vt 0 1
vt 0 1
vt 0 1
vt 0 1
vt 0 1
vt 0 1
vt 0 1
vt 0 1
vt 0 1
vt 0 1
vt 0 1
vt 0 1
vt 0 1
vt 0 1
vt 0 1
vt 0 1
vt 0 1
vt 0 1
vt 0 1
vt 0 1
vt 0 1
vt 0 1
vt 0 1
vt 0 1
vt 0 1
vt 0 1
vt 0 1
vt 0 1
vt 0 1
vt 0 1
vt 0 1
vt 0 1
vt 0 1
vt 0 1
vt 0 1
vt 0 1
vt 0 1
vt 0 1
vt 0 1
vt 0 1
vt 0 1
vt 0 1
vt 0 1
vt 0 1
vt 0 1
vt 0 1
vt 0 1
vt 0 1
vt 0 1
vt 0 1
vt 0 1
vt 0 1
vt 0 1
vt 0 1
vt 0 1
vt 0 1
vt 0 1
vt 0 1
vt 0 1
vt 0 1
vt 0 1
vt 0 1
vt 0 1
vt 0 1
vt 0 1
vt 0 1
vt 0 1
vt 0 1
vt 0 1
vt 0 1
vt 0 1
vt 0 1
vt 0 1
vt 0 1
vt 0 1
vt 0 1
vt 0 1
vt 0 1
vt 0 1
vt 0 1
vt 0 1
vt 0 1
vt 0 1
vt 0 1
vt 0 1
vt 0 1
vt 0 1
vt 0 1
vt 0 1
vt 0 1
vt 0 1
vt 0 1
vt 0 1
vt 0 1
vt 0 1
vt 0 1
vt 0 1
vt 0 1
vt 0 1
vt 0 1
vt 0 1
vt 0 1
vt 0 1
vt 0 1
vt 0 1
vt 0 1
vt 0 1
vt 0 1
vt 0 1
vt 0 1
vt 0 1
vt 0 1
vt 0 1
vt 0 1
vt 0 1
vt 0 1
vt 0 1
vt 0 1
vt 0 1
vt 0 1
vt 0 1
vt 0 1
vt 0 1
vt 0 1
vt 0 1
vt 0 1
vt 0 1
vt 0 1
vt 0 1
vt 0 1
vt 0 1
vt 0 1
vt 0 1
vt 0 1
vn 0 -0.5555749192407959 0.8314664810505493
vn 0.9936438312286376 -0.09359868551124055 -0.06253976920202498
vn 0.9936431538242473 -0.0625430910545404 0.09360365708425514
vn 0.9936440384522747 -0.021960974802648185 0.11040489316136384
vn 1 0 0
vn 0 -0.19508383427992226 0.9807865708718915
vn 0.7002030686689871 0.13928197441843473 0.7002258165967864
vn 0.7001929540977133 0.39665258294826483 0.5936299819520469
vn 0.7002182284367809 0.5936051106023605 0.39664518808579485
vn 0.700214460190894 0.7002144601908956 0.13928179880784008
vn 0 -0.9807860833426754 -0.1950862853235324
vn 0.9936443342404475 -0.06253843343971206 -0.09359423793570183
vn 0.9936436105705992 -0.021973391960199363 -0.11040627345394396
vn 1 0 0
vn 0.9936440384522747 -0.11040489316136443 -0.0219609748026483
vn 0 -0.8314704350038414 -0.555569001758128
vn 0 -0.5555749192407959 -0.8314664810505493
vn 0 -0.19508383427992226 -0.9807865708718915
vn 0.9936433274935244 -0.11041120792319745 0.02196139550522924
vn 0 -0.19508383427992365 0.9807865708718913
vn 0 -0.831466481050549 0.5555749192407962
vn 0.9936440384522744 -0.021960974802648414 0.110404893161365
vn 0.9936431235485262 -0.06254437064398104 0.09360312348141284
vn 0 -0.5555749192407959 0.8314664810505493
vn 0.999999511280744 -0.0005492717992927275 0.0008220333105071029
vn 0.9999995137145544 -0.0005585073678662482 -0.0008127977452710804
vn 0.9999995112793604 -0.0008220383832982164 -0.0005492667264997167
vn 0.9999995112799238 -0.0001928707270589865 0.0009696601448909519
vn 0.9999995163052859 -0.00019187654901780415 -0.0009646619015693231
vn 0.9999995112794378 -0.0009696601448904803 -0.00019287324617030588
vn 0.700213900750916 0.7002139007509177 0.1392874236619029
vn 0.7002185236991241 0.7002105513195178 -0.13928102128228503
vn 0.7002082061497127 0.5936175445099114 -0.3966442724792894
vn 0 -0.9807860833426754 -0.1950862853235324
vn 0.7002195901887424 0.3966330593928635 -0.5936116084718753
vn 0.7002146633670537 0.13927975592859654 -0.7002146633670522
vn 0.9936443075655523 -0.06253756735657713 -0.09359509982737317
vn 0.9936445547032288 -0.02196066930091282 -0.11040030757420141
vn 0 -0.9807865708718914 0.19508383427992285
vn 0.9936443342404475 -0.0935942379357011 0.06253843343971163
vn 0.9936440504214593 -0.11040489449127383 -0.021960426553395373
vn 0 -0.555566063042374 -0.8314723985771247
vn 0 -0.19509615673630987 -0.9807841197871839
vn 0.999999511280744 -0.0005492717992927275 0.0008220333105071029
vn 0.999999511280744 -0.0008220333105071026 0.0005492717992927279
vn 0.9999995163040484 -0.0005464329512194421 -0.00081780358239296
vn 0.9999995112799238 -0.0001928707270589878 0.0009696601448909514
vn 0.9999995163028682 -0.00019188914843609343 -0.0009646619015667131
vn 0.9999995112794378 -0.0009696601448904803 -0.00019287324617030588
vn 0.9999995112799238 -0.0009696601448909516 0.00019287072705898698
vn 0.9999999999973324 8.586831661176846e-7 0.00000214428002575404
vn 0 0.09950222665478148 0.9950373394454807
vn 0.7002082061497137 0.593617544509911 -0.3966442724792885
vn 0.000037037037010814875 0.000006800986138175646 -0.9999999992910024
vn 0 -0.7217268792784756 0.6921779480212821
vn -0.9835554592522473 -0.1806063635653566 -0.000003846972545866145
vn -0.9835480396134398 -0.18064676518708933 0
vn 0 0 1
vn 0.700203491065791 0.5936200030387934 0.39664891666497926
vn 0.983555351475995 0.18060695053882078 0
vn 0.7002082061497134 0.3966442724792892 0.5936175445099109
vn 0 0 -1
vn 0 -0.9807865708718914 0.1950838342799231
vn 0.7002183205174652 0.7002111453875388 -0.13927905616700365
vn 0.9936433274935246 -0.11041120792319725 0.021961395505229228
vn 0.9999995112799238 -0.0009696601448909516 0.00019287072705898728
vn -0.000037037037007731004 -0.0000068009861376093654 0.9999999992910024
vn 0 0 -1
vn 0.9835555367438155 0.18060594149138653 0.00000621249209960586
vn 1 0 0
vn 0.9999999999396574 -0.000006793092737804427 0.000008633608256441705
vn 1 0 0
vn 0.000005555027061304032 0.7165063479110505 -0.6975805712405632
vn 0.9835570339735807 0.18059778739172544 0.000010502648287536699
vn 1 0 0
vn 0.9936441018364928 -0.0936034597515346 -0.06252832324709119
vn 0 -0.8314704350038409 -0.5555690017581286
vn 0.9999995137132432 -0.0008270365559766543 -0.0005371999741012746
vn 1 0 0
vn 0.7002185236991247 0.13928102128228492 0.7002105513195171
vn 0 -0.8314664810505494 0.5555749192407956
vn 0.9835532088672243 0.18061861843947963 0
vn 1 0 0
vn 0.9936443342404475 -0.09359423793570172 0.06253843343971194
vn 0.999999511280744 -0.0008220333105071031 0.0005492717992927272
vn 0.7002146633670521 0.13927975592859604 -0.7002146633670538
vn 0.7002195901887422 0.3966330593928642 -0.5936116084718749
vn 0 0.7600259274241038 -0.6498927524162207
vn 0.999999999956318 -0.000006889667132957878 0.000006316361270154326
vn 0 -0.001393342327423206 0.9999990292981082
vn 0.9835580620438956 0.18059218861417137 0
vn 0.9835553514759949 0.18060695053882078 0
vn 0 0 1
vn 0.9835580620438956 0.18059218861417134 0
vn 0 0 -1
vn 0.983555351475995 0.1806069505388208 0
vn 0 -1 0
vn 0 -1 0
vn 0 -1 0
vn 0 -1 0
vn 0.9835580620438956 0.18059218861417134 0
vn 0.9835580620438957 0.18059218861417137 0
vn 0.9835580620438957 0.18059218861417137 0
vn 0.9835532088672246 0.18061861843947818 0
vn 0 1 0
vn 0 1 0
vn 0 1 0
vn 0 1 0
vn 0.9999999999995058 1.9394054911886872e-7 9.750161852962309e-7
vn 1 0 0
vn 1 0 0
vn 1 0 0
vn 0.9999999999966581 3.9149696918981097e-7 0.0000025554990506970476
vn 0.9999999999978733 -0.0000018173518918872726 9.75016185294639e-7
vn 0 -0.5555749192407959 0.8314664810505493
vn -0.9936436390850185 -0.09359978504731795 -0.06254117639585542
vn -0.9936431235485262 -0.06254437064398104 0.09360312348141284
vn -0.9936433274935244 -0.02196139550522916 0.11041120792319738
vn -0.9999999999755063 9.752186736314976e-9 -0.0000069991251093911666
vn 0 -0.19508383427992226 0.9807865708718915
vn -0.7002185236991246 0.1392810212822849 0.7002105513195171
vn -0.700218871879983 0.3966394572992659 0.5936081808537244
vn -0.7002191102330584 0.5936093182082094 0.3966373343506747
vn -0.700214460190894 0.7002144601908956 0.13928179880784008
vn 0 -0.9807860833426755 -0.1950862853235321
vn -0.9936432938185488 -0.0625425386967712 -0.09360254004453249
vn -0.9936445547032288 -0.021960669300912748 -0.11040030757420144
vn -1 0 0
vn -0.9936435716243361 -0.11040903958518576 -0.0219612510461031
vn 0 -0.8314704350038409 -0.5555690017581286
vn 0 -0.5555749192407959 -0.8314664810505493
vn 0 -0.19508383427992226 -0.9807865708718915
vn -0.993644056680171 -0.11040489518668625 0.02196013986727502
vn 0 -0.19508383427992226 0.9807865708718915
vn 0 -0.8314664810505494 0.5555749192407956
vn -0.9936433274935244 -0.02196139550522916 0.11041120792319738
vn -0.9936431235485262 -0.06254437064398104 0.09360312348141284
vn 0 -0.5555749192407959 0.8314664810505493
vn -0.999999511280744 -0.0005492717992927276 0.000822033310507103
vn -0.999999511280744 -0.0005492717992927276 -0.000822033310507103
vn -0.9999995112793604 -0.0008220383832982158 -0.0005492667264997173
vn -0.9999995112799238 -0.00019287072705898635 0.0009696601448909519
vn -0.9999995112799238 -0.00019287072705898635 -0.0009696601448909519
vn -0.9999995112794379 -0.0009696601448904803 -0.0001928732461703057
vn -0.700214460190894 0.7002144601908956 0.13928179880784008
vn -0.7002153213748962 0.7002139624567962 -0.13927997161258784
vn -0.700208086969546 0.5936183075794035 -0.396643340860544
vn 0 -0.9807860833426754 -0.1950862853235324
vn -0.7002195901887422 0.3966330593928642 -0.5936116084718749
vn -0.700214460190894 0.13928179880784008 -0.7002144601908956
vn -0.9936432938185485 -0.06254253869677175 -0.09360254004453329
vn -0.9936445547032288 -0.021960669300912748 -0.11040030757420144
vn 0 -0.9807865708718914 0.1950838342799231
vn -0.9936443342404475 -0.09359423793570172 0.06253843343971194
vn -0.9936435716243361 -0.1104090395851855 -0.021961251046103084
vn 0 -0.5555660630423735 -0.8314723985771252
vn 0 -0.19509615673630915 -0.980784119787184
vn -0.999999511280744 -0.0005492717992927276 0.000822033310507103
vn -0.999999511280744 -0.0008220333105071034 0.0005492717992927274
vn -0.9999995112786733 -0.0005492642072738713 -0.0008220409025231194
vn -0.9999995112799238 -0.00019287072705898635 0.0009696601448909519
vn -0.9999995112774811 -0.00019288339175922194 -0.0009696601448885832
vn -0.9999995112794378 -0.0009696601448904803 -0.00019287324617030594
vn -0.9999995112799238 -0.0009696601448909516 0.00019287072705898733
vn -0.9999999999932591 -0.0000036012208944257083 -7.163191424879476e-7
vn -0.0000013810822168226497 0.09950229505514835 0.9950373326045867
vn -0.7002195901887411 0.593611608471876 -0.39663305939286475
vn 0 0.0000034004930714791075 -0.9999999999942184
vn 0 -0.7217280069797336 0.692176772176777
vn 0.9835553127125931 -0.18060716163771892 0
vn 0.9835480396134398 -0.18064676518708933 0
vn 0 0 1
vn -0.7002191102330574 0.59360931820821 0.3966373343506757
vn -0.983555351475995 0.1806069505388208 0
vn -0.7002212553840478 0.39663815851221035 0.5936062370969756
vn 0 0 -1
vn 0 -0.9807865708718914 0.1950838342799231
vn -0.7002185236991237 0.7002105513195181 -0.13928102128228512
vn -0.9936433274935246 -0.11041120792319725 0.021961395505229228
vn -0.9999995112799238 -0.0009696601448909516 0.00019287072705898733
vn 0 0 1
vn 0 0 -1
vn -0.9835553514665442 0.18060695053708536 -0.000004383827097146362
vn -0.9999999999963493 -0.0000022467795984297804 -0.000001501256604496482
vn -0.9999999999957212 -0.0000024323294967783973 -0.000001625237617388977
vn -0.9999999999952951 -0.0000017042511057031654 -0.000002550581028870493
vn -0.00000555504248144289 0.7165063479032362 -0.6975805712485894
vn -0.9835553514759949 0.18060695053882078 0
vn -1 0 0
vn -0.9936436390850184 -0.09359978504731857 -0.06254117639585573
vn 0 -0.8314704350038414 -0.555569001758128
vn -0.9999995112793604 -0.0008220383832982164 -0.0005492667264997167
vn -1 0 0
vn -0.700203271376589 0.1392839396680702 0.7002252229847653
vn 0 -0.8314664810505494 0.5555749192407956
vn -0.9835580620438956 0.18059218861417137 0
vn -1 0 0
vn -0.9936443342404475 -0.09359423793570172 0.06253843343971194
vn -0.999999511280744 -0.0008220333105071034 0.0005492717992927274
vn -0.700218523699123 0.13928102128228523 -0.7002105513195187
vn -0.7002195901887408 0.396633059392865 -0.5936116084718761
vn 0 0.7600279820024948 -0.6498903496538593
vn -0.999999999956318 0.0000068896671333403255 -0.000006316361270504948
vn 0 -0.0013933423274237165 0.9999990292981082
vn -0.9835532088672243 0.18061861843947963 0
vn -0.983555351475995 0.1806069505388208 0
vn 0 0 1
vn -0.9835532088672245 0.18061861843947816 0
vn 0 0 -1
vn -0.9835553514759949 0.18060695053882078 0
vn 0 -1 0
vn 0 -1 0
vn 0 -1 0
vn 0 -1 0
vn -0.9835532088672243 0.18061861843947966 0
vn -0.9835532088672243 0.18061861843947963 0
vn -0.9835532088672246 0.18061861843947818 0
vn -0.9835580620438956 0.18059218861417137 0
vn 0 1 0
vn 0 1 0
vn 0 1 0
vn 0 1 0
vn -0.9999999999978787 4.0183854897706413e-7 -0.0000020202020201997552
vn -0.9999999999931141 -0.000003711098410988821 0
vn -1 0 0
vn -1 0 0
vn -0.9999999999980731 0.0000010906530270678824 -0.0000016322705677645826
vn -0.9999999999978255 7.393191055543652e-7 -0.0000019500304692237915
vn -3.6416974185394232e-9 -0.9999968813017287 0.0024974760892852443
vn 0 1 0
vn 0.0000022505252726916618 0.12239356142991434 -0.9924816452284834
vn 0.0000011337868481044366 0 -0.9999999999993573
vn 8.187080916588959e-7 0.760027867859594 -0.6498904831401436
vn -0.000001133785747842878 -0.0013932273654077294 0.9999990294576406
vn 8.999631615449137e-7 -0.7838684873286055 -0.6209268834350418
vn 9.169261468952075e-7 0.7165086983085766 -0.6975781570887297
vn 0 1 0
vn -0.0000014509143198095065 0.0995052150267747 0.9950370406072179
vn 0 1 0
vn 0 1 0
vn 0 1 0
vn 0 1 0
vn 0 -0.5555749192407959 0.8314664810505493
vn 0.9936443164171284 -0.09359481382971489 -0.06253785474509664
vn 0.9936443342404475 -0.06253843343971205 0.09359423793570182
vn 0.9936433274935244 -0.02196139550522916 0.11041120792319738
vn 1 0 0
vn 0 -0.19508383427992226 0.9807865708718915
vn 0.7002153075089051 0.1392732790610567 0.7002153075089051
vn 0.7002043383658131 0.39664136989713306 0.5936240461940703
vn 0.7001923549155437 0.5936338182153765 0.39664789926187555
vn 0.7002183205174652 0.7002111453875388 0.13927905616700365
vn 0 -0.9807860833426754 -0.1950862853235324
vn 0.9936431538242473 -0.06254309105454038 -0.09360365708425511
vn 0.9936437693374208 -0.021973298012058527 -0.11040486325971341
vn 1 0 0
vn 0.993643571624336 -0.11040903958518551 -0.021961251046103088
vn 0 -0.8314704350038414 -0.555569001758128
vn 0 -0.5555749192407959 -0.8314664810505492
vn 0 -0.1950838342799223 -0.9807865708718915
vn 0.9936440384522747 -0.11040489316136443 0.0219609748026483
vn 0 -0.19508383427992365 0.9807865708718913
vn 0 -0.831466481050549 0.5555749192407962
vn 0.9936433274935244 -0.021961395505229308 0.11041120792319732
vn 0.9936443039766824 -0.06253745083646942 0.093595215783557
vn 0 -0.5555749192407959 0.8314664810505493
vn 0.7002032718547351 0.7002252225248322 0.1392839395765837
vn 0.7002146633670522 0.700214663367054 -0.1392797559285964
vn 0.7002195901887421 0.5936116084718756 -0.3966330593928638
vn 0 -0.9807860833426754 -0.1950862853235324
vn 0.7002082061497125 0.3966442724792896 -0.5936175445099116
vn 0.7002185236991246 0.1392810212822849 -0.7002105513195171
vn 0.9936441676056024 -0.06253811961181797 -0.09359621669056895
vn 0.9936440384522747 -0.0219609748026483 -0.11040489316136443
vn 0 -0.9807865708718914 0.19508383427992285
vn 0.9936431538242472 -0.09360365708425544 0.06254309105454048
vn 0.9936435835975194 -0.11040883097509172 -0.021961758085214587
vn 0 -0.555566063042374 -0.8314723985771247
vn 0 -0.19509615673630987 -0.9807841197871839
vn 0.9999999998902929 -0.00001191779391446086 0.000008796625883985808
vn 0.000001381050900162997 0.09950229504945472 0.9950373326051561
vn 0.7002195901887411 0.593611608471876 -0.39663305939286475
vn 0 -0.0000034004930714791075 -0.9999999999942184
vn 0 -0.7217268792784758 0.692177948021282
vn -0.9835546948560829 -0.18061052634483288 0
vn -0.9835632609723957 -0.18056330830454176 0.0004509539514819238
vn 0 0 1
vn 0.7002082061497137 0.5936175445099107 0.39664427247928896
vn 0.983555351475995 0.18060695053882078 0
vn 0.7002195901887425 0.3966330593928638 0.5936116084718751
vn 0 0 -1
vn 0 -0.9807865708718914 0.1950838342799231
vn 0.700214460190894 0.7002144601908956 -0.13928179880784008
vn 0.9936440384522747 -0.11040489316136443 0.0219609748026483
vn 0 0.0000034004930711959596 0.9999999999942184
vn 0 0 -1
vn 0.9835553514700904 0.18060695053773657 0.000003465024979669536
vn 1 0 0
vn 0 0.7165062127037013 -0.6975807101382595
vn 0.9835547573513151 0.18061018601284812 0
vn 1 0 0
vn 0.9936440348601387 -0.09360390844554012 -0.0625287158878418
vn 0 -0.8314704350038409 -0.5555690017581286
vn 1 0 0
vn 0.7002146633670531 0.13927975592859632 0.7002146633670531
vn 0 -0.8314664810505494 0.5555749192407956
vn 1 0 0
vn 0.9936431538242473 -0.09360365708425489 0.0625430910545402
vn 0.7002185236991246 0.1392810212822849 -0.7002105513195171
vn 0.7002082061497139 0.3966442724792888 -0.5936175445099103
vn 0.9999999999931771 0.0000036230600683978116 7.206631743679567e-7
vn 0.9835553514759949 0.18060695053882078 0
vn 0 0 1
vn 0 0 -1
vn 0.9835553514759949 0.1806069505388208 0
vn 0 -1 0
vn 0 -1 0
vn 0 -1 0
vn 0 -1 0
vn 0.9835580620438957 0.18059218861417134 0
vn 0.9835534218621516 0.1806174585638402 0.0000022786059485886253
vn 0.9835529179350014 0.18062020267740572 0.0000025134685481016075
vn 0.9835578481977798 0.18059335326954518 0.0000018478412399836508
vn 0 1 0
vn 0 1 0
vn 0 1 0
vn 0 1 0
vn 0.9999999999994696 -2.0091927449442707e-7 0.0000010101010101295206
vn 1 0 0
vn 1 0 0
vn 1 0 0
vn 0.9999999999980731 -0.0000010906530271284275 0.0000016322705678551908
vn 1 0 0
vn 0 -0.5555749192407959 0.8314664810505493
vn -0.9936438142993915 -0.09359838692359007 -0.0625404850465543
vn -0.9936443039766824 -0.06253745083647004 0.0935952157835577
vn -0.9936440384522747 -0.02196097480264818 0.11040489316136384
vn -0.9999999999901737 -8.648566473021944e-7 -0.000004347977939176774
vn 0 -0.19508383427992226 0.9807865708718915
vn -0.7002146633670537 0.13927975592859654 0.7002146633670522
vn -0.7002211362278089 0.3966372269187675 0.5936070001288956
vn -0.7002168458653177 0.5936104989294471 0.39663956475263384
vn -0.7002183205174656 0.7002111453875386 0.13927905616700342
vn 0 -0.9807860833426755 -0.1950862853235321
vn -0.9936441422539248 -0.06253919099884565 -0.0935957699560847
vn -0.9936440384522747 -0.021960974802648185 -0.11040489316136384
vn -1 0 0
vn -0.9936440384522747 -0.11040489316136443 -0.0219609748026483
vn 0 -0.8314704350038409 -0.5555690017581286
vn 0.00000561669052519603 -0.5555660630336102 -0.8314723985640098
vn 0.000006625308166890378 -0.19509615673202738 -0.9807841197656586
vn -0.9936435776495619 -0.11040893460766452 0.02196150620015722
vn 0 -0.19508383427992226 0.9807865708718915
vn 0 -0.8314664810505494 0.5555749192407956
vn -0.9936440384522747 -0.02196097480264818 0.11040489316136384
vn -0.9936443039766824 -0.06253745083647004 0.0935952157835577
vn 0 -0.5555749192407959 0.8314664810505493
vn -0.7002183205174652 0.7002111453875388 0.13927905616700365
vn -0.7002146633670522 0.700214663367054 -0.1392797559285964
vn -0.7002103514168267 0.5936157950872173 -0.39664310354737664
vn 0 -0.9807860833426754 -0.1950862853235324
vn -0.7002082061497139 0.39664427247928885 -0.5936175445099104
vn -0.7002183205174662 0.13927905616700295 -0.700211145387538
vn -0.9936441422539246 -0.06253919099884575 -0.09359576995608464
vn -0.9936440384522747 -0.021960974802648185 -0.11040489316136384
vn 0 -0.9807865708718914 0.1950838342799231
vn -0.9936438142993917 -0.09359838692358946 0.062540485046554
vn -0.9936440384522747 -0.11040489316136443 -0.0219609748026483
vn 0 -0.5555660630423735 -0.8314723985771252
vn 0 -0.19509615673630915 -0.980784119787184
vn -0.9999999999973325 -8.586919969311898e-7 -0.0000021442754279461018
vn 0 0.09950222665478146 0.9950373394454806
vn -0.7002082061497137 0.593617544509911 -0.3966442724792885
vn 0.000037037037010814875 -0.000006800986138175646 -0.9999999992910024
vn 0 -0.7217280069797336 0.692176772176777
vn 0.9835557868417835 -0.1806045795774473 -0.000002386171362283241
vn 0.9835632609723955 -0.1805633083045418 0.000450953951482138
vn 0 0 1
vn -0.7002168458653187 0.5936104989294466 0.396639564752633
vn -0.983555351475995 0.1806069505388208 0
vn -0.7002067072989959 0.3966396831875362 0.5936223789366346
vn 0 0 -1
vn 0 -0.9807865708718914 0.1950838342799231
vn -0.7002146633670521 0.7002146633670538 -0.13927975592859654
vn -0.9936440384522747 -0.11040489316136443 0.021960974802648296
vn 0 0 1
vn 0 0 -1
vn -0.9835552281329236 0.18060762213649104 -0.000006212490150652832
vn -0.9999999999895498 -0.0000045717002611277705 0
vn 0 0.7165062127037013 -0.6975807101382595
vn -0.9835572188054006 0.1805967808726811 0.000008614533360298097
vn -1 0 0
vn -0.9936438142993917 -0.09359838692358949 -0.06254048504655403
vn 0 -0.8314704350038414 -0.555569001758128
vn -1 0 0
vn -0.7002139007509159 0.13928742366190325 0.7002139007509177
vn 0 -0.8314664810505494 0.5555749192407956
vn -1 0 0
vn -0.9936431538242473 -0.09360365708425486 0.06254309105454019
vn -0.7002146633670521 0.13927975592859687 -0.7002146633670537
vn -0.7002082061497138 0.39664427247928824 -0.5936175445099109
vn -0.9999999999931771 -0.0000036230600685989337 -7.206631744079615e-7
vn -0.983555351475995 0.1806069505388208 0
vn 0 0 1
vn 0 0 -1
vn -0.9835553514759949 0.18060695053882078 0
vn 0 -1 0
vn 0 -1 0
vn 0 -1 0
vn 0 -1 0
vn -0.9835586647369414 0.18058890603513764 -0.000006157709761375709
vn -0.9835578490604097 0.1805933485665199 -0.000002278616205113176
vn -0.9835583529278246 0.18059060435024707 -0.0000025134824370800415
vn -0.9835534227378815 0.1806174537999682 -0.0000018478329257329232
vn 0 1 0
vn 0 1 0
vn 0 1 0
vn 0 1 0
vn -0.9999999999980236 -3.879024964074088e-7 -0.000001950030469224178
vn -0.9999999999989556 -8.029653719986828e-7 -0.0000012017411129895135
vn -1 0 0
vn -1 0 0
vn -0.9999999999966581 -3.9149696916807743e-7 -0.0000025554990505551887
vn -0.9999999999958085 -0.000002895386780314161 0
vn -3.641697417730774e-9 -0.9999968813017287 0.0024974760892852235
vn 0 1 0
vn 0.0000011252619895210247 0.12239818749896332 -0.9924810747292376
vn 0.0000011337868481044366 0 -0.9999999999993573
vn 0.0000014736791658813707 0.7600261328821432 -0.6498925121387716
vn -0.0000012597619413417074 -0.0013934700629943315 0.9999990291193271
vn 9.054062809971263e-7 -0.7838686151399517 -0.6209267220838177
vn 0.0000010171743475774099 0.7165096784236783 -0.6975771503741808
vn 0 1 0
vn -0.0000013079190211341737 0.09950237049012585 0.9950373250612939
vn 0 1 0
vn 0 1 0
vn 0 1 0
vn 0 1 0
usemtl none
f 2/1/1 1/2/1 3/3/1
f 5/4/2 4/5/2 6/6/2
f 8/7/3 7/8/3 9/9/3
f 10/10/4 8/11/4 11/12/4
f 13/13/5 12/14/5 14/15/5
f 16/16/6 15/17/6 2/18/6
f 18/19/7 17/20/7 19/21/7
f 20/22/8 18/23/8 21/24/8
f 22/25/9 20/26/9 23/27/9
f 25/28/10 24/29/10 23/30/10
f 27/31/11 26/32/11 28/33/11
f 29/34/12 4/35/12 30/36/12
f 30/37/13 31/38/13 32/39/13
f 34/40/14 33/41/14 35/42/14
f 36/43/15 5/44/15 37/45/15
f 39/46/16 38/47/16 28/48/16
f 40/49/17 38/50/17 41/51/17
f 41/52/18 42/53/18 43/54/18
f 45/55/19 44/56/19 46/57/19
f 48/58/20 47/59/20 49/60/20
f 51/61/21 50/62/21 52/63/21
f 54/64/22 53/65/22 55/66/22
f 56/67/23 53/68/23 57/69/23
f 49/70/24 58/71/24 51/72/24
f 60/73/25 59/74/25 61/75/25
f 63/76/26 62/77/26 61/78/26
f 64/79/27 63/80/27 61/81/27
f 65/82/28 60/83/28 61/84/28
f 62/85/29 66/86/29 61/87/29
f 67/88/30 64/89/30 61/90/30
f 69/91/31 68/92/31 70/93/31
f 72/94/32 71/95/32 70/96/32
f 73/97/33 71/98/33 74/99/33
f 76/100/34 75/101/34 77/102/34
f 79/103/35 78/104/35 74/105/35
f 80/106/36 78/107/36 81/108/36
f 83/109/37 82/110/37 84/111/37
f 84/112/38 85/113/38 86/114/38
f 87/115/39 75/116/39 52/117/39
f 57/118/40 88/119/40 45/120/40
f 46/121/41 89/122/41 90/123/41
f 92/124/42 91/125/42 93/126/42
f 93/127/43 94/128/43 95/129/43
f 97/130/44 96/131/44 98/132/44
f 96/133/45 99/134/45 98/135/45
f 101/136/46 100/137/46 98/138/46
f 102/139/47 97/140/47 98/141/47
f 100/142/48 103/143/48 98/144/48
f 105/145/49 104/146/49 98/147/49
f 99/148/50 105/149/50 98/150/50
f 107/151/51 106/152/51 108/153/51
f 110/154/52 109/155/52 111/156/52
f 113/157/53 112/158/53 114/159/53
f 116/160/54 115/161/54 117/162/54
f 119/163/55 118/164/55 120/165/55
f 122/166/56 121/167/56 123/168/56
f 125/169/57 124/170/57 126/171/57
f 128/172/58 127/173/58 129/174/58
f 130/175/59 68/176/59 131/177/59
f 133/178/60 132/179/60 134/180/60
f 136/181/61 135/182/61 131/183/61
f 138/184/62 137/185/62 139/186/62
f 141/187/63 140/188/63 27/189/63
f 112/190/64 24/191/64 142/192/64
f 144/193/65 143/194/65 37/195/65
f 145/196/66 67/197/66 61/198/66
f 147/199/67 146/200/67 148/201/67
f 150/202/68 149/203/68 151/204/68
f 14/205/69 152/206/69 153/207/69
f 155/208/70 154/209/70 156/210/70
f 157/211/71 14/212/71 158/213/71
f 14/214/72 159/215/72 158/216/72
f 161/217/73 160/218/73 162/219/73
f 164/220/74 163/221/74 165/222/74
f 167/223/75 166/224/75 35/225/75
f 90/226/76 168/227/76 83/228/76
f 169/229/77 91/230/77 77/231/77
f 104/232/78 101/233/78 98/234/78
f 107/235/79 108/236/79 165/237/79
f 170/238/80 135/239/80 171/240/80
f 3/241/81 172/242/81 141/243/81
f 132/244/82 173/245/82 174/246/82
f 166/247/83 165/248/83 175/249/83
f 176/250/84 7/251/84 144/252/84
f 59/253/85 145/254/85 61/255/85
f 178/256/86 177/257/86 179/258/86
f 180/259/87 177/260/87 114/261/87
f 182/262/88 181/263/88 162/264/88
f 152/265/89 14/266/89 183/267/89
f 110/268/90 111/269/90 184/270/90
f 186/271/91 185/272/91 187/273/91
f 186/274/92 187/275/92 106/276/92
f 189/277/93 188/278/93 190/279/93
f 192/280/94 191/281/94 193/282/94
f 195/283/95 194/284/95 196/285/95
f 197/286/96 192/287/96 198/288/96
f 200/289/97 199/290/97 201/291/97
f 203/292/98 202/293/98 204/294/98
f 206/295/99 205/296/99 207/297/99
f 209/298/100 208/299/100 210/300/100
f 185/301/101 186/302/101 164/303/101
f 187/304/102 185/305/102 132/306/102
f 191/307/103 192/308/103 173/309/103
f 211/310/104 193/311/104 153/312/104
f 213/313/105 212/314/105 214/315/105
f 216/316/106 215/317/106 217/318/106
f 219/319/107 218/320/107 220/321/107
f 222/322/108 221/323/108 223/324/108
f 225/325/109 224/326/109 226/327/109
f 156/328/110 133/329/110 155/330/110
f 183/331/111 227/332/111 152/333/111
f 227/334/112 228/335/112 198/336/112
f 197/337/113 228/338/113 134/339/113
f 224/340/114 225/341/114 134/342/114
f 230/343/115 229/344/115 231/345/115
f 233/346/116 232/347/116 234/348/116
f 236/349/117 235/350/117 237/351/117
f 236/352/118 237/353/118 238/354/118
f 240/355/119 239/356/119 241/357/119
f 230/358/120 231/359/120 242/360/120
f 244/361/121 243/362/121 245/363/121
f 244/364/122 245/365/122 246/366/122
f 247/367/123 246/368/123 248/369/123
f 249/370/124 247/371/124 250/372/124
f 252/373/125 251/374/125 253/375/125
f 233/376/126 254/377/126 232/378/126
f 254/379/127 255/380/127 256/381/127
f 258/382/128 257/383/128 259/384/128
f 234/385/129 260/386/129 261/387/129
f 263/388/130 262/389/130 251/390/130
f 263/391/131 264/392/131 262/393/131
f 266/394/132 265/395/132 264/396/132
f 268/397/133 267/398/133 269/399/133
f 271/400/134 270/401/134 272/402/134
f 274/403/135 273/404/135 275/405/135
f 277/406/136 276/407/136 278/408/136
f 277/409/137 279/410/137 276/411/137
f 270/412/138 274/413/138 280/414/138
f 282/415/139 281/416/139 283/417/139
f 282/418/140 284/419/140 285/420/140
f 282/421/141 285/422/141 286/423/141
f 282/424/142 283/425/142 287/426/142
f 282/427/143 288/428/143 284/429/143
f 282/430/144 286/431/144 289/432/144
f 291/433/145 290/434/145 292/435/145
f 293/436/146 291/437/146 294/438/146
f 295/439/147 293/440/147 296/441/147
f 298/442/148 297/443/148 299/444/148
f 300/445/149 295/446/149 301/447/149
f 302/448/150 300/449/150 303/450/150
f 305/451/151 304/452/151 306/453/151
f 304/454/152 307/455/152 308/456/152
f 273/457/153 298/458/153 309/459/153
f 279/460/154 269/461/154 310/462/154
f 312/463/155 311/464/155 268/465/155
f 314/466/156 313/467/156 315/468/156
f 317/469/157 316/470/157 313/471/157
f 319/472/158 318/473/158 320/474/158
f 319/475/159 321/476/159 318/477/159
f 319/478/160 322/479/160 323/480/160
f 319/481/161 320/482/161 324/483/161
f 319/484/162 325/485/162 322/486/162
f 319/487/163 326/488/163 327/489/163
f 319/490/164 327/491/164 321/492/164
f 329/493/165 328/494/165 330/495/165
f 332/496/166 331/497/166 333/498/166
f 335/499/167 334/500/167 336/501/167
f 338/502/168 337/503/168 339/504/168
f 341/505/169 340/506/169 342/507/169
f 344/508/170 343/509/170 345/510/170
f 347/511/171 346/512/171 348/513/171
f 350/514/172 349/515/172 351/516/172
f 290/517/173 352/518/173 353/519/173
f 355/520/174 354/521/174 356/522/174
f 352/523/175 357/524/175 358/525/175
f 360/526/176 359/527/176 361/528/176
f 362/529/177 252/530/177 363/531/177
f 335/532/178 249/533/178 334/534/178
f 364/535/179 261/536/179 365/537/179
f 282/538/180 289/539/180 366/540/180
f 368/541/181 367/542/181 369/543/181
f 371/544/182 370/545/182 372/546/182
f 374/547/183 373/548/183 375/549/183
f 377/550/184 376/551/184 329/552/184
f 378/553/185 239/554/185 379/555/185
f 378/556/186 380/557/186 239/558/186
f 382/559/187 381/560/187 383/561/187
f 385/562/188 384/563/188 386/564/188
f 388/565/189 387/566/189 257/567/189
f 305/568/190 306/569/190 312/570/190
f 297/571/191 314/572/191 389/573/191
f 319/574/192 323/575/192 326/576/192
f 385/577/193 386/578/193 330/579/193
f 357/580/194 390/581/194 391/582/194
f 229/583/195 362/584/195 392/585/195
f 394/586/196 393/587/196 356/588/196
f 387/589/197 388/590/197 386/591/197
f 235/592/198 364/593/198 395/594/198
f 282/595/199 366/596/199 281/597/199
f 397/598/200 396/599/200 398/600/200
f 397/601/201 336/602/201 396/603/201
f 381/604/202 399/605/202 400/606/202
f 373/607/203 401/608/203 239/609/203
f 402/610/204 333/611/204 403/612/204
f 405/613/205 404/614/205 406/615/205
f 328/616/206 376/617/206 406/618/206
f 408/619/207 407/620/207 409/621/207
f 411/622/208 410/623/208 412/624/208
f 414/625/209 413/626/209 415/627/209
f 417/628/210 416/629/210 412/630/210
f 419/631/211 418/632/211 420/633/211
f 422/634/212 421/635/212 423/636/212
f 425/637/213 424/638/213 426/639/213
f 428/640/214 427/641/214 429/642/214
f 404/643/215 430/644/215 406/645/215
f 405/646/216 356/647/216 404/648/216
f 410/649/217 393/650/217 412/651/217
f 374/652/218 375/653/218 411/654/218
f 432/655/219 431/656/219 433/657/219
f 435/658/220 434/659/220 436/660/220
f 438/661/221 437/662/221 439/663/221
f 441/664/222 440/665/222 442/666/222
f 444/667/223 443/668/223 445/669/223
f 376/670/224 377/671/224 355/672/224
f 416/673/225 446/674/225 373/675/225
f 417/676/226 447/677/226 416/678/226
f 443/679/227 447/680/227 354/681/227
f 443/682/228 354/683/228 448/684/228
f 450/685/229 449/686/229 451/687/229
f 453/688/230 452/689/230 454/690/230
f 456/691/231 455/692/231 457/693/231
f 457/694/232 458/695/232 459/696/232
f 381/697/233 162/698/233 399/699/233
f 402/700/234 184/701/234 333/702/234
f 461/703/235 460/704/235 462/705/235
f 160/706/236 161/707/236 383/708/236
f 464/709/237 463/710/237 465/711/237
f 466/712/238 109/713/238 332/714/238
f 468/715/239 467/716/239 469/717/239
f 471/718/240 470/719/240 468/720/240
f 472/721/241 470/722/241 473/723/241
f 473/724/242 474/725/242 472/726/242
f 1/727/243 172/728/243 3/729/243
f 4/730/244 29/731/244 6/732/244
f 7/733/245 176/734/245 9/735/245
f 8/736/246 9/737/246 11/738/246
f 12/739/247 159/740/247 14/741/247
f 15/742/248 1/743/248 2/744/248
f 17/745/249 475/746/249 19/747/249
f 18/748/250 19/749/250 21/750/250
f 20/751/251 21/752/251 23/753/251
f 24/754/252 22/755/252 23/756/252
f 26/757/253 39/758/253 28/759/253
f 4/760/254 31/761/254 30/762/254
f 31/763/255 476/764/255 32/765/255
f 33/766/256 167/767/256 35/768/256
f 5/769/257 6/770/257 37/771/257
f 38/772/258 40/773/258 28/774/258
f 38/775/259 42/776/259 41/777/259
f 42/778/260 477/779/260 43/780/260
f 44/781/261 89/782/261 46/783/261
f 47/784/262 58/785/262 49/786/262
f 50/787/263 87/788/263 52/789/263
f 53/790/264 56/791/264 55/792/264
f 53/793/265 88/794/265 57/795/265
f 58/796/266 50/797/266 51/798/266
f 68/799/267 130/800/267 70/801/267
f 71/802/268 69/803/268 70/804/268
f 71/805/269 72/806/269 74/807/269
f 75/808/270 169/809/270 77/810/270
f 78/811/271 73/812/271 74/813/271
f 78/814/272 79/815/272 81/816/272
f 82/817/273 85/818/273 84/819/273
f 85/820/274 478/821/274 86/822/274
f 75/823/275 76/824/275 52/825/275
f 88/826/276 44/827/276 45/828/276
f 89/829/277 168/830/277 90/831/277
f 91/832/278 94/833/278 93/834/278
f 94/835/279 479/836/279 95/837/279
f 106/838/280 154/839/280 108/840/280
f 109/841/281 466/842/281 111/843/281
f 112/844/282 142/845/282 114/846/282
f 115/847/283 480/848/283 117/849/283
f 118/850/284 481/851/284 120/852/284
f 121/853/285 482/854/285 123/855/285
f 124/856/286 483/857/286 126/858/286
f 127/859/287 484/860/287 129/861/287
f 68/862/288 136/863/288 131/864/288
f 132/865/289 174/866/289 134/867/289
f 135/868/290 170/869/290 131/870/290
f 137/871/291 485/872/291 139/873/291
f 140/874/292 26/875/292 27/876/292
f 24/877/293 25/878/293 142/879/293
f 143/880/294 36/881/294 37/882/294
f 146/883/295 486/884/295 148/885/295
f 149/886/296 487/887/296 151/888/296
f 152/889/297 211/890/297 153/891/297
f 154/892/298 106/893/298 156/894/298
f 160/895/299 182/896/299 162/897/299
f 163/898/300 107/899/300 165/900/300
f 166/901/301 175/902/301 35/903/301
f 168/904/302 82/905/302 83/906/302
f 91/907/303 92/908/303 77/909/303
f 108/910/304 488/911/304 165/912/304
f 135/913/305 489/914/305 171/915/305
f 172/916/306 140/917/306 141/918/306
f 165/919/307 488/920/307 175/921/307
f 7/922/308 143/923/308 144/924/308
f 177/925/309 180/926/309 179/927/309
f 177/928/310 113/929/310 114/930/310
f 14/931/311 157/932/311 183/933/311
f 187/934/312 156/935/312 106/936/312
f 188/937/313 490/938/313 190/939/313
f 194/940/314 491/941/314 196/942/314
f 192/943/315 193/944/315 198/945/315
f 199/946/316 492/947/316 201/948/316
f 202/949/317 493/950/317 204/951/317
f 205/952/318 494/953/318 207/954/318
f 208/955/319 495/956/319 210/957/319
f 186/958/320 163/959/320 164/960/320
f 185/961/321 173/962/321 132/963/321
f 192/964/322 174/965/322 173/966/322
f 193/967/323 191/968/323 153/969/323
f 212/970/324 496/971/324 214/972/324
f 215/973/325 497/974/325 217/975/325
f 218/976/326 498/977/326 220/978/326
f 221/979/327 499/980/327 223/981/327
f 224/982/328 500/983/328 226/984/328
f 133/985/329 225/986/329 155/987/329
f 227/988/330 198/989/330 152/990/330
f 228/991/331 197/992/331 198/993/331
f 228/994/332 224/995/332 134/996/332
f 225/997/333 133/998/333 134/999/333
f 229/1000/334 392/1001/334 231/1002/334
f 232/1003/335 260/1004/335 234/1005/335
f 235/1006/336 395/1007/336 237/1008/336
f 237/1009/337 501/1010/337 238/1011/337
f 239/1012/338 380/1013/338 241/1014/338
f 231/1015/339 502/1016/339 242/1017/339
f 243/1018/340 503/1019/340 245/1020/340
f 245/1021/341 504/1022/341 246/1023/341
f 246/1024/342 504/1025/342 248/1026/342
f 247/1027/343 248/1028/343 250/1029/343
f 251/1030/344 505/1031/344 253/1032/344
f 254/1033/345 256/1034/345 232/1035/345
f 255/1036/346 506/1037/346 256/1038/346
f 257/1039/347 507/1040/347 259/1041/347
f 260/1042/348 508/1043/348 261/1044/348
f 262/1045/349 505/1046/349 251/1047/349
f 264/1048/350 509/1049/350 262/1050/350
f 265/1051/351 509/1052/351 264/1053/351
f 267/1054/352 510/1055/352 269/1056/352
f 270/1057/353 280/1058/353 272/1059/353
f 273/1060/354 309/1061/354 275/1062/354
f 276/1063/355 511/1064/355 278/1065/355
f 279/1066/356 310/1067/356 276/1068/356
f 274/1069/357 275/1070/357 280/1071/357
f 290/1072/358 353/1073/358 292/1074/358
f 291/1075/359 292/1076/359 294/1077/359
f 293/1078/360 294/1079/360 296/1080/360
f 297/1081/361 389/1082/361 299/1083/361
f 295/1084/362 296/1085/362 301/1086/362
f 300/1087/363 301/1088/363 303/1089/363
f 304/1090/364 308/1091/364 306/1092/364
f 307/1093/365 512/1094/365 308/1095/365
f 298/1096/366 299/1097/366 309/1098/366
f 269/1099/367 510/1100/367 310/1101/367
f 311/1102/368 267/1103/368 268/1104/368
f 313/1105/369 513/1106/369 315/1107/369
f 316/1108/370 513/1109/370 313/1110/370
f 328/1111/371 385/1112/371 330/1113/371
f 331/1114/372 403/1115/372 333/1116/372
f 334/1117/373 514/1118/373 336/1119/373
f 337/1120/374 515/1121/374 339/1122/374
f 340/1123/375 516/1124/375 342/1125/375
f 343/1126/376 517/1127/376 345/1128/376
f 346/1129/377 518/1130/377 348/1131/377
f 349/1132/378 519/1133/378 351/1134/378
f 352/1135/379 358/1136/379 353/1137/379
f 354/1138/380 394/1139/380 356/1140/380
f 357/1141/381 391/1142/381 358/1143/381
f 359/1144/382 520/1145/382 361/1146/382
f 252/1147/383 253/1148/383 363/1149/383
f 249/1150/384 250/1151/384 334/1152/384
f 261/1153/385 508/1154/385 365/1155/385
f 367/1156/386 521/1157/386 369/1158/386
f 370/1159/387 522/1160/387 372/1161/387
f 373/1162/388 239/1163/388 375/1164/388
f 376/1165/389 328/1166/389 329/1167/389
f 381/1168/390 400/1169/390 383/1170/390
f 384/1171/391 430/1172/391 386/1173/391
f 387/1174/392 507/1175/392 257/1176/392
f 306/1177/393 311/1178/393 312/1179/393
f 314/1180/394 315/1181/394 389/1182/394
f 386/1183/395 523/1184/395 330/1185/395
f 390/1186/396 524/1187/396 391/1188/396
f 362/1189/397 363/1190/397 392/1191/397
f 388/1192/398 523/1193/398 386/1194/398
f 364/1195/399 365/1196/399 395/1197/399
f 396/1198/400 525/1199/400 398/1200/400
f 336/1201/401 514/1202/401 396/1203/401
f 401/1204/402 379/1205/402 239/1206/402
f 376/1207/403 405/1208/403 406/1209/403
f 407/1210/404 526/1211/404 409/1212/404
f 413/1213/405 527/1214/405 415/1215/405
f 416/1216/406 411/1217/406 412/1218/406
f 418/1219/407 528/1220/407 420/1221/407
f 421/1222/408 529/1223/408 423/1224/408
f 424/1225/409 530/1226/409 426/1227/409
f 427/1228/410 531/1229/410 429/1230/410
f 430/1231/411 384/1232/411 406/1233/411
f 356/1234/412 393/1235/412 404/1236/412
f 393/1237/413 394/1238/413 412/1239/413
f 375/1240/414 410/1241/414 411/1242/414
f 431/1243/415 532/1244/415 433/1245/415
f 434/1246/416 533/1247/416 436/1248/416
f 437/1249/417 534/1250/417 439/1251/417
f 440/1252/418 535/1253/418 442/1254/418
f 443/1255/419 448/1256/419 445/1257/419
f 377/1258/420 448/1259/420 355/1260/420
f 446/1261/421 401/1262/421 373/1263/421
f 447/1264/422 446/1265/422 416/1266/422
f 447/1267/423 417/1268/423 354/1269/423
f 354/1270/424 355/1271/424 448/1272/424
f 449/1273/425 536/1274/425 451/1275/425
f 452/1276/426 537/1277/426 454/1278/426
f 455/1279/427 458/1280/427 457/1281/427
f 458/1282/428 538/1283/428 459/1284/428
f 162/1285/429 181/1286/429 399/1287/429
f 184/1288/430 111/1289/430 333/1290/430
f 460/1291/431 539/1292/431 462/1293/431
f 161/1294/432 382/1295/432 383/1296/432
f 463/1297/433 540/1298/433 465/1299/433
f 109/1300/434 331/1301/434 332/1302/434
f 467/1303/435 541/1304/435 469/1305/435
f 470/1306/436 467/1307/436 468/1308/436
f 470/1309/437 471/1310/437 473/1311/437
f 474/1312/438 542/1313/438 472/1314/438
o lights
v -0.306901 0.4356 -0.972579
v -0.306901 0.435529 -0.986903
v -0.345085 0.419712 -0.988834
v -0.345085 0.419784 -0.972579
v -0.345085 0.419712 -0.988834
v -0.360901 0.381529 -0.993497
v -0.360901 0.3816 -0.972579
v -0.360901 0.381529 -0.993497
v -0.345085 0.343345 -0.99816
v -0.345085 0.343416 -0.972579
v -0.345085 0.343345 -0.99816
v -0.306901 0.327529 -1.000092
v -0.306901 0.327529 -1.000092
v -0.268717 0.343345 -0.99816
v -0.268717 0.343416 -0.97258
v -0.268717 0.343345 -0.99816
v -0.252901 0.381529 -0.993497
v -0.252901 0.3816 -0.97258
v -0.268717 0.343345 -0.99816
v -0.306901 0.327529 -1.000092
v -0.252901 0.381529 -0.993497
v -0.268717 0.419712 -0.988834
v -0.306901 0.435529 -0.986903
v -0.306901 0.4356 -0.972579
v -0.252901 0.381529 -0.993497
v -0.268717 0.419712 -0.988834
v -0.268717 0.419784 -0.97258
v -0.345085 0.343345 -0.99816
v -0.360901 0.381529 -0.993497
v -0.345085 0.419712 -0.988834
v -0.306901 0.435529 -0.986903
v -0.268717 0.419712 -0.988834
v 0.306899 0.4356 -0.97258
v 0.345083 0.419784 -0.97258
v 0.345083 0.419712 -0.988835
v 0.345083 0.419784 -0.97258
v 0.360899 0.3816 -0.97258
v 0.360899 0.381529 -0.993498
v 0.360899 0.3816 -0.97258
v 0.345083 0.343416 -0.97258
v 0.345083 0.343345 -0.998161
v 0.345083 0.343416 -0.97258
v 0.306899 0.3276 -0.97258
v 0.306899 0.327529 -1.000093
v 0.268715 0.343416 -0.97258
v 0.268715 0.343345 -0.998161
v 0.306899 0.327529 -1.000093
v 0.252899 0.3816 -0.97258
v 0.252899 0.381529 -0.993498
v 0.268715 0.343345 -0.998161
v 0.268715 0.343345 -0.998161
v 0.252899 0.381529 -0.993498
v 0.306899 0.327529 -1.000093
v 0.306899 0.4356 -0.97258
v 0.306899 0.435529 -0.986904
v 0.268715 0.419712 -0.988835
v 0.268715 0.419784 -0.97258
v 0.268715 0.419712 -0.988835
v 0.252899 0.381529 -0.993498
v 0.345083 0.343345 -0.998161
v 0.360899 0.381529 -0.993498
v 0.345083 0.419712 -0.988835
v 0.306899 0.435529 -0.986904
v 0.268715 0.419712 -0.988835
v -0.345085 0.419784 -0.972579
v -0.360901 0.3816 -0.972579
v -0.345085 0.343416 -0.972579
v -0.306901 0.3276 -0.972579
v -0.306901 0.3276 -0.972579
v -0.268717 0.343416 -0.97258
v -0.268717 0.419784 -0.97258
v -0.252901 0.3816 -0.97258
v 0.306899 0.435529 -0.986904
v 0.345083 0.419712 -0.988835
v 0.360899 0.381529 -0.993498
v 0.345083 0.343345 -0.998161
v 0.306899 0.3276 -0.97258
v 0.268715 0.343416 -0.97258
v 0.268715 0.419784 -0.97258
v 0.252899 0.3816 -0.97258
vt 0 1
vt 0 1
vt 0 1
vt 0 1
vt 0 1
vt 0 1
vt 0 1
vt 0 1
vt 0 1
vt 0 1
vt 0 1
vt 0 1
vt 0 1
vt 0 1
vt 0 1
vt 0 1
vt 0 1
vt 0 1
vt 0 1
vt 0 1
vt 0 1
vt 0 1
vt 0 1
vt 0 1
vt 0 1
vt 0 1
vt 0 1
vt 0 1
vt 0 1
vt 0 1
vt 0 1
vt 0 1
vt 0 1
vt 0 1
vt 0 1
vt 0 1
vt 0 1
vt 0 1
vt 0 1
vt 0 1
vt 0 1
vt 0 1
vt 0 1
vt 0 1
vt 0 1
vt 0 1
vt 0 1
vt 0 1
vt 0 1
vt 0 1
vt 0 1
vt 0 1
vt 0 1
vt 0 1
vt 0 1
vt 0 1
vt 0 1
vt 0 1
vt 0 1
vt 0 1
vt 0 1
vt 0 1
vt 0 1
vt 0 1
vt 0 1
vt 0 1
vt 0 1
vt 0 1
vt 0 1
vt 0 1
vt 0 1
vt 0 1
vt 0 1
vt 0 1
vt 0 1
vt 0 1
vt 0 1
vt 0 1
vt 0 1
vt 0 1
vt 0 1
vt 0 1
vt 0 1
vt 0 1
vt 0 1
vt 0 1
vt 0 1
vt 0 1
vt 0 1
vt 0 1
vt 0 1
vt 0 1
vt 0 1
vt 0 1
vt 0 1
vt 0 1
vt 0 1
vt 0 1
vt 0 1
vt 0 1
vt 0 1
vt 0 1
vt 0 1
vt 0 1
vt 0 1
vt 0 1
vt 0 1
vt 0 1
vt 0 1
vt 0 1
vt 0 1
vt 0 1
vt 0 1
vt 0 1
vt 0 1
vt 0 1
vt 0 1
vt 0 1
vt 0 1
vt 0 1
vt 0 1
vt 0 1
vt 0 1
vt 0 1
vt 0 1
vt 0 1
vt 0 1
vt 0 1
vt 0 1
vt 0 1
vt 0 1
vt 0 1
vn -0.3824955514395416 0.923945982798943 -0.004579737837106508
vn -0.9238042508094979 0.38286137214907173 -0.0016958485878031035
vn -0.9238254722066169 -0.3828117143102016 0.0012993417973046959
vn -0.3825645942104476 -0.9239251892634116 0.0025643519970951372
vn 0.38256458978218 -0.9239251908187434 0.002564452249730979
vn 0.9238254694481384 -0.3828117207562125 0.001299403938121483
vn 0.00001765221946918494 0.12121147970854704 -0.9926267057032386
vn 0.3824955514395416 0.923945982798943 -0.004579737837106629
vn 0.9238042461369673 0.38286138296103117 -0.0016959529699274618
vn -0.000017652219469184955 0.12121147970854704 -0.9926267057032386
vn -0.00001914706135975161 0.12122962640021431 -0.992624489581158
vn 0.000019147061359751598 0.12122962640021433 -0.992624489581158
vn 0 0.12121076069251946 -0.9926267936603066
vn 0 0.12122887254073751 -0.9926245818346943
vn 0.3826733991781723 0.9238746253300032 -0.004092216119580197
vn 0.9238815817980655 0.3826762805813496 -0.0012988821073366976
vn 0.9238818400240592 -0.3826763875398221 0.0010621173337758735
vn 0.3826755157747613 -0.9238797353530277 0.0023841624399394104
vn -0.3825645942104474 -0.9239251892634115 0.0025643519970951476
vn -0.9238254722066173 -0.38281171431020034 0.0012993417973046918
vn -0.000017652219470632816 0.12121147970854361 -0.992626705703239
vn -0.3824955514395416 0.923945982798943 -0.004579737837106508
vn -0.9238042508094982 0.38286137214907057 -0.001695848587803098
vn 0.000017652219470632826 0.1212114797085436 -0.992626705703239
vn 0.00001914706135975161 0.12122962640021431 -0.992624489581158
vn -0.000019147061359751598 0.12122962640021433 -0.992624489581158
vn 0 0.12121076069251946 -0.9926267936603066
vn 0 0.12122887254073553 -0.9926245818346946
vn -0.3826733991781723 0.9238746253300032 -0.004092216119580153
vn -0.9238815817980655 0.3826762805813496 -0.001298882107336798
vn -0.9238818400240593 -0.38267638753982225 0.0010621173337759511
vn -0.3826755157747613 -0.9238797353530277 0.002384162439939433
vn 0.3826755690699715 -0.9238797132780355 0.0023841623829727464
vn 0.9238818399833152 -0.3826763875229445 0.0010621588551260484
vn 0.3826733073013011 0.9238746622699123 -0.004092468049923032
vn 0.923881581723547 0.3826762805504823 -0.0012989442041917865
vn 0.38249555143954156 0.9239459827989428 -0.004579737837106507
vn 0.9238042508094979 0.38286137214907173 -0.0016958485878031035
vn 0.9238254722066167 -0.3828117143102014 0.0012993417973046954
vn 0.3825645942104475 -0.9239251892634115 0.0025643519970951476
vn -0.3826755157747613 -0.9238797353530277 0.0023841624399394425
vn -0.9238818400240597 -0.38267638753982103 0.0010621173337759524
vn -0.3826733991781723 0.9238746253300032 -0.004092216119580153
vn -0.9238815817980659 0.3826762805813484 -0.0012988821073367939
usemtl none
f 543/1315/439 544/1316/439 545/1317/439
f 546/1318/440 547/1319/440 548/1320/440
f 549/1321/441 550/1322/441 551/1323/441
f 552/1324/442 553/1325/442 554/1326/442
f 555/1327/443 556/1328/443 557/1329/443
f 558/1330/444 559/1331/444 560/1332/444
f 561/1333/445 562/1334/445 563/1335/445
f 564/1336/446 565/1337/446 566/1338/446
f 567/1339/447 568/1340/447 569/1341/447
f 570/1342/448 571/1343/448 562/1344/448
f 572/1345/449 573/1346/449 571/1347/449
f 574/1348/450 563/1349/450 573/1350/450
f 573/1351/451 563/1352/451 571/1353/451
f 562/1354/452 571/1355/452 563/1356/452
f 575/1357/453 576/1358/453 577/1359/453
f 578/1360/454 579/1361/454 580/1362/454
f 581/1363/455 582/1364/455 583/1365/455
f 584/1366/456 585/1367/456 586/1368/456
f 587/1369/457 588/1370/457 589/1371/457
f 590/1372/458 591/1373/458 592/1374/458
f 593/1375/459 594/1376/459 595/1377/459
f 596/1378/460 597/1379/460 598/1380/460
f 599/1381/461 600/1382/461 601/1383/461
f 602/1384/462 595/1385/462 603/1386/462
f 604/1387/463 603/1388/463 605/1389/463
f 606/1390/464 605/1391/464 594/1392/464
f 605/1393/465 603/1394/465 594/1395/465
f 595/1396/466 594/1397/466 603/1398/466
f 607/1399/467 543/1400/467 545/1401/467
f 608/1402/468 546/1403/468 548/1404/468
f 609/1405/469 549/1406/469 551/1407/469
f 610/1408/470 552/1409/470 554/1410/470
f 611/1411/471 555/1412/471 557/1413/471
f 612/1414/472 558/1415/472 560/1416/472
f 613/1417/473 564/1418/473 566/1419/473
f 614/1420/474 567/1421/474 569/1422/474
f 615/1423/475 575/1424/475 577/1425/475
f 616/1426/476 578/1427/476 580/1428/476
f 617/1429/477 581/1430/477 583/1431/477
f 618/1432/478 584/1433/478 586/1434/478
f 619/1435/479 587/1436/479 589/1437/479
f 620/1438/480 590/1439/480 592/1440/480
f 621/1441/481 596/1442/481 598/1443/481
f 622/1444/482 599/1445/482 601/1446/482
o tires
v -0.477001 0.346298 -0.614685
v -0.477001 0.36 -0.683568
v -0.477001 0.297 -0.683568
v -0.477001 0.307279 -0.810847
v -0.477001 0.262732 -0.7663
v -0.477001 0.288094 -0.728342
v -0.477001 0.18 -0.863568
v -0.477001 0.18 -0.800568
v -0.477001 0.224774 -0.791662
v -0.477001 0.111117 -0.849866
v -0.477001 0.052721 -0.810847
v -0.477001 0.097269 -0.7663
v -0.477001 0 -0.683568
v -0.477001 0.063 -0.683568
v -0.477001 0.071906 -0.728342
v -0.477 0.248883 -0.51727
v -0.477001 0.224774 -0.575474
v -0.477001 0.18 -0.566568
v -0.477 0.052721 -0.556289
v -0.477001 0.097269 -0.600837
v -0.477001 0.071906 -0.638794
v -0.477 0.307279 -0.556289
v -0.477001 0.288094 -0.638794
v -0.477 0.111117 -0.51727
v -0.477001 0.135226 -0.575474
v -0.477001 0.262732 -0.600837
v -0.477001 0.013702 -0.614685
v -0.477001 0.013702 -0.752451
v -0.477001 0.135226 -0.791662
v -0.477001 0.248883 -0.849866
v -0.477001 0.346298 -0.752451
v -0.477 0.18 -0.503568
v -0.333 0.111117 -0.51727
v -0.333 0.135226 -0.575474
v -0.333 0.18 -0.566568
v -0.333001 0.36 -0.683568
v -0.333001 0.297 -0.683568
v -0.333001 0.288094 -0.728342
v -0.333001 0.262732 -0.7663
v -0.333001 0.224774 -0.791662
v -0.333001 0.248883 -0.849867
v -0.333001 0.18 -0.800568
v -0.333001 0.135226 -0.791662
v -0.333001 0.111117 -0.849867
v -0.333001 0.052721 -0.810848
v -0.333001 0.097269 -0.7663
v -0.333001 0.071906 -0.728342
v -0.333001 0 -0.683568
v -0.333001 0.063 -0.683568
v -0.333001 0.071906 -0.638794
v -0.333 0.224774 -0.575474
v -0.333001 0.262732 -0.600837
v -0.333 0.307279 -0.556289
v -0.333001 0.097269 -0.600837
v -0.333001 0.288094 -0.638794
v -0.333 0.052721 -0.556289
v -0.333 0.18 -0.503568
v -0.333001 0.307279 -0.810847
v -0.333001 0.346298 -0.614685
v -0.477001 0.224774 -0.791662
v -0.468001 0.220297 -0.780853
v -0.468001 0.254458 -0.758026
v -0.476999 0.135226 0.882526
v -0.467999 0.139704 0.871716
v -0.467999 0.105542 0.84889
v -0.476999 0.297 0.774432
v -0.467999 0.2853 0.774432
v -0.467999 0.277285 0.814728
v -0.477001 0.135226 -0.575474
v -0.468001 0.139704 -0.586284
v -0.468001 0.105542 -0.60911
v -0.468001 0.277285 -0.723865
v -0.468001 0.2853 -0.683568
v -0.477001 0.262732 -0.600837
v -0.477001 0.288094 -0.638794
v -0.468001 0.277285 -0.643272
v -0.476999 0.288094 0.729658
v -0.476999 0.262732 0.691701
v -0.467999 0.254458 0.699974
v -0.477001 0.097269 -0.600837
v -0.468001 0.082716 -0.643272
v -0.477001 0.071906 -0.728342
v -0.477001 0.063 -0.683568
v -0.468001 0.0747 -0.683568
v -0.476999 0.18 0.657432
v -0.467999 0.18 0.669132
v -0.467999 0.220297 0.677147
v -0.476999 0.097269 0.691701
v -0.467999 0.105542 0.699974
v -0.467999 0.139704 0.677147
v -0.477001 0.135226 -0.791662
v -0.477001 0.097269 -0.7663
v -0.468001 0.105542 -0.758026
v -0.477001 0.297 -0.683568
v -0.476999 0.18 0.891432
v -0.476999 0.224774 0.882526
v -0.467999 0.220297 0.871716
v -0.476999 0.071906 0.729658
v -0.476999 0.063 0.774432
v -0.467999 0.0747 0.774432
v -0.477001 0.18 -0.800568
v -0.468001 0.18 -0.788868
v -0.476999 0.18 0.954432
v -0.476999 0.18 0.891432
v -0.476999 0.135226 0.882526
v -0.476999 0.36 0.774432
v -0.476999 0.346298 0.705549
v -0.476999 0.288094 0.729658
v -0.476999 0.248883 0.608134
v -0.476999 0.224774 0.666338
v -0.476999 0.262732 0.691701
v -0.476999 0.18 0.594432
v -0.476999 0.111117 0.608134
v -0.476999 0.135226 0.666338
v -0.476999 0.013702 0.705549
v -0.476999 0.071906 0.729658
v -0.476999 0.097269 0.691701
v -0.476999 0.013702 0.843315
v -0.476999 0.071906 0.819206
v -0.476999 0.063 0.774432
v -0.476999 0.248883 0.94073
v -0.476999 0.307279 0.901711
v -0.476999 0.262732 0.857163
v -0.476999 0.111117 0.94073
v -0.476999 0.097269 0.857163
v -0.476999 0.346298 0.843315
v -0.476999 0.288094 0.819206
v -0.476999 0.052721 0.901711
v -0.476999 0.224774 0.882526
v -0.476999 0 0.774432
v -0.476999 0.052721 0.647153
v -0.476999 0.18 0.657432
v -0.476999 0.307279 0.647153
v -0.476999 0.297 0.774432
v -0.333 0.307279 -0.556289
v -0.333001 0.346298 -0.614685
v -0.477001 0.346298 -0.614685
v -0.477001 0.013702 -0.614685
v -0.333001 0.013702 -0.614685
v -0.333 0.052721 -0.556289
v -0.333 0.18 -0.503568
v -0.333 0.248883 -0.51727
v -0.477 0.248883 -0.51727
v -0.333001 0.013702 -0.752451
v -0.333001 0 -0.683568
v -0.477001 0 -0.683568
v -0.477001 0.111117 -0.849866
v -0.333001 0.111117 -0.849867
v -0.333001 0.052721 -0.810848
v -0.333001 0.248883 -0.849867
v -0.333001 0.18 -0.863568
v -0.477001 0.18 -0.863568
v -0.333001 0.346298 -0.752451
v -0.333001 0.307279 -0.810847
v -0.333001 0.36 -0.683568
v -0.477001 0.36 -0.683568
v -0.333 0.111117 -0.51727
v -0.477 0.111117 -0.51727
v -0.477001 0.013702 -0.752451
v -0.332999 0.135226 0.882526
v -0.332999 0.18 0.891432
v -0.332998 0.18 0.954432
v -0.332999 0.36 0.774432
v -0.332999 0.297 0.774432
v -0.332999 0.288094 0.729658
v -0.332999 0.262732 0.6917
v -0.332999 0.224774 0.666338
v -0.332999 0.248883 0.608133
v -0.332999 0.18 0.657432
v -0.332999 0.135226 0.666338
v -0.332999 0.111117 0.608133
v -0.332999 0.097269 0.6917
v -0.332999 0.071906 0.729658
v -0.332999 0.013702 0.705549
v -0.332999 0.063 0.774432
v -0.332999 0.071906 0.819206
v -0.332999 0.013702 0.843315
v -0.332999 0.248883 0.94073
v -0.332999 0.224774 0.882526
v -0.332999 0.262732 0.857163
v -0.332999 0.097269 0.857163
v -0.332999 0.111117 0.94073
v -0.332999 0.307279 0.901711
v -0.332999 0.288094 0.819206
v -0.332999 0.052721 0.901711
v -0.332999 0 0.774432
v -0.332999 0.18 0.594432
v -0.332999 0.346298 0.705549
v -0.332999 0.346298 0.843315
v -0.476999 0.097269 0.857163
v -0.467999 0.082716 0.814728
v -0.476999 0.262732 0.857163
v -0.467999 0.254458 0.84889
v -0.477001 0.18 -0.566568
v -0.468001 0.18 -0.578268
v -0.477001 0.262732 -0.7663
v -0.477001 0.224774 -0.575474
v -0.468001 0.220297 -0.586284
v -0.467999 0.18 0.879732
v -0.467999 0.277285 0.734135
v -0.476999 0.288094 0.819206
v -0.476999 0.224774 0.666338
v -0.477001 0.071906 -0.638794
v -0.476999 0.135226 0.666338
v -0.468001 0.082716 -0.723865
v -0.468001 0.254458 -0.60911
v -0.467999 0.082716 0.734135
v -0.468001 0.139704 -0.780853
v -0.476999 0.071906 0.819206
v -0.476999 0.307279 0.901711
v -0.332999 0.307279 0.901711
v -0.332999 0.346298 0.843315
v -0.332999 0.013702 0.843315
v -0.332999 0.052721 0.901711
v -0.476999 0.052721 0.901711
v -0.332998 0.18 0.954432
v -0.332999 0.248883 0.94073
v -0.476999 0.248883 0.94073
v -0.332999 0.013702 0.705549
v -0.332999 0 0.774432
v -0.476999 0 0.774432
v -0.476999 0.111117 0.608134
v -0.332999 0.111117 0.608133
v -0.332999 0.052721 0.647153
v -0.332999 0.248883 0.608133
v -0.332999 0.18 0.594432
v -0.476999 0.18 0.594432
v -0.332999 0.346298 0.705549
v -0.332999 0.307279 0.647153
v -0.476999 0.307279 0.647153
v -0.332999 0.36 0.774432
v -0.476999 0.36 0.774432
v -0.332999 0.111117 0.94073
v -0.476999 0.013702 0.843315
v -0.476999 0.052721 0.647153
v -0.476999 0.346298 0.705549
v -0.476999 0.111117 0.94073
v 0.476999 0.346298 -0.614686
v 0.476999 0.288094 -0.638795
v 0.476999 0.297 -0.683569
v 0.476999 0.288094 -0.728343
v 0.476999 0.262732 -0.766301
v 0.476999 0.307279 -0.810848
v 0.476999 0.248883 -0.849868
v 0.476999 0.224774 -0.791663
v 0.476999 0.18 -0.800569
v 0.476999 0.111117 -0.849868
v 0.476999 0.135226 -0.791663
v 0.476999 0.097269 -0.766301
v 0.476999 0.071906 -0.728343
v 0.476999 0.063 -0.683569
v 0.476999 0 -0.683569
v 0.476999 0.18 -0.503569
v 0.476999 0.18 -0.566569
v 0.476999 0.224774 -0.575475
v 0.476999 0.071906 -0.638795
v 0.476999 0.097269 -0.600838
v 0.476999 0.052721 -0.55629
v 0.476999 0.307279 -0.55629
v 0.476999 0.262732 -0.600838
v 0.476999 0.135226 -0.575475
v 0.476999 0.111117 -0.517271
v 0.476999 0.052721 -0.810849
v 0.476999 0.36 -0.683569
v 0.332999 0.111117 -0.517271
v 0.332999 0.18 -0.503569
v 0.332999 0.18 -0.566569
v 0.332999 0.36 -0.683569
v 0.332999 0.346298 -0.752452
v 0.332999 0.288094 -0.728343
v 0.332999 0.248883 -0.849867
v 0.332999 0.224774 -0.791663
v 0.332999 0.262732 -0.766301
v 0.332999 0.111117 -0.849867
v 0.332999 0.135226 -0.791663
v 0.332999 0.18 -0.800569
v 0.332999 0.013702 -0.752452
v 0.332999 0.071906 -0.728343
v 0.332999 0.097269 -0.766301
v 0.332999 0 -0.683569
v 0.332999 0.013702 -0.614686
v 0.332999 0.071906 -0.638795
v 0.332999 0.307279 -0.55629
v 0.332999 0.262732 -0.600838
v 0.332999 0.224774 -0.575475
v 0.332999 0.135226 -0.575475
v 0.332999 0.097269 -0.600838
v 0.332999 0.346298 -0.614686
v 0.332999 0.288094 -0.638795
v 0.332999 0.052721 -0.55629
v 0.332999 0.248883 -0.517271
v 0.332999 0.063 -0.683569
v 0.332999 0.052721 -0.810848
v 0.332999 0.18 -0.863569
v 0.332999 0.307279 -0.810848
v 0.332999 0.297 -0.683569
v 0.467999 0.254458 -0.758028
v 0.467999 0.220297 -0.780854
v 0.476999 0.224774 -0.791663
v 0.468001 0.105542 0.848889
v 0.468001 0.139704 0.871715
v 0.477001 0.135226 0.882525
v 0.468001 0.277285 0.814727
v 0.468001 0.2853 0.774431
v 0.477001 0.297 0.774431
v 0.467999 0.105542 -0.609111
v 0.467999 0.139704 -0.586285
v 0.476999 0.135226 -0.575475
v 0.476999 0.297 -0.683569
v 0.467999 0.2853 -0.683569
v 0.467999 0.277285 -0.723866
v 0.476999 0.262732 -0.600838
v 0.467999 0.254458 -0.609111
v 0.467999 0.277285 -0.643273
v 0.468001 0.277285 0.734134
v 0.468001 0.254458 0.699972
v 0.477001 0.262732 0.691699
v 0.467999 0.082716 -0.643273
v 0.476999 0.097269 -0.600838
v 0.467999 0.082716 -0.723866
v 0.467999 0.0747 -0.683569
v 0.476999 0.063 -0.683569
v 0.468001 0.220297 0.677146
v 0.468001 0.18 0.669131
v 0.477001 0.18 0.657431
v 0.468001 0.139704 0.677146
v 0.468001 0.105542 0.699972
v 0.477001 0.097269 0.691699
v 0.467999 0.139704 -0.780854
v 0.467999 0.105542 -0.758028
v 0.476999 0.097269 -0.766301
v 0.476999 0.288094 -0.638795
v 0.477001 0.18 0.891431
v 0.468001 0.18 0.879731
v 0.468001 0.220297 0.871715
v 0.468001 0.082716 0.734134
v 0.468001 0.0747 0.774431
v 0.477001 0.063 0.774431
v 0.467999 0.18 -0.788869
v 0.477001 0.135226 0.882525
v 0.477001 0.18 0.891431
v 0.477001 0.18 0.954431
v 0.477001 0.36 0.774431
v 0.477001 0.297 0.774431
v 0.477001 0.288094 0.729657
v 0.477001 0.262732 0.691699
v 0.477001 0.224774 0.666337
v 0.477001 0.248883 0.608132
v 0.477001 0.18 0.594431
v 0.477001 0.18 0.657431
v 0.477001 0.135226 0.666337
v 0.477001 0.097269 0.691699
v 0.477001 0.071906 0.729657
v 0.477001 0.013702 0.705548
v 0.477001 0 0.774431
v 0.477001 0.063 0.774431
v 0.477001 0.071906 0.819205
v 0.477001 0.248883 0.940729
v 0.477001 0.224774 0.882525
v 0.477001 0.262732 0.857162
v 0.477001 0.097269 0.857162
v 0.477001 0.111117 0.940729
v 0.477001 0.307279 0.90171
v 0.477001 0.288094 0.819205
v 0.477001 0.052721 0.90171
v 0.477001 0.111117 0.608132
v 0.477001 0.346298 0.705548
v 0.477001 0.346298 0.843314
v 0.476999 0.307279 -0.55629
v 0.476999 0.346298 -0.614686
v 0.332999 0.346298 -0.614686
v 0.476999 0.052721 -0.55629
v 0.332999 0.052721 -0.55629
v 0.332999 0.013702 -0.614686
v 0.476999 0.18 -0.503569
v 0.476999 0.248883 -0.517271
v 0.332999 0.248883 -0.517271
v 0.476999 0.013702 -0.752452
v 0.476999 0 -0.683569
v 0.332999 0 -0.683569
v 0.476999 0.052721 -0.810849
v 0.332999 0.052721 -0.810848
v 0.332999 0.111117 -0.849867
v 0.476999 0.248883 -0.849868
v 0.476999 0.18 -0.863569
v 0.332999 0.18 -0.863569
v 0.476999 0.307279 -0.810848
v 0.332999 0.307279 -0.810848
v 0.332999 0.346298 -0.752452
v 0.476999 0.36 -0.683569
v 0.332999 0.36 -0.683569
v 0.476999 0.111117 -0.517271
v 0.332999 0.111117 -0.517271
v 0.332999 0.307279 -0.55629
v 0.476999 0.013702 -0.614686
v 0.332999 0.013702 -0.752452
v 0.476999 0.111117 -0.849868
v 0.332999 0.248883 -0.849867
v 0.476999 0.346298 -0.752452
v 0.332999 0.18 -0.503569
v 0.333001 0.18 0.954431
v 0.333001 0.18 0.891431
v 0.333001 0.135226 0.882525
v 0.333001 0.36 0.774431
v 0.333001 0.346298 0.705548
v 0.333001 0.288094 0.729657
v 0.333001 0.248883 0.608133
v 0.333001 0.224774 0.666337
v 0.333001 0.262732 0.6917
v 0.333001 0.111117 0.608133
v 0.333001 0.135226 0.666337
v 0.333001 0.18 0.657431
v 0.333001 0.013702 0.705548
v 0.333001 0.071906 0.729657
v 0.333001 0.097269 0.6917
v 0.333001 0.013702 0.843314
v 0.333001 0.071906 0.819205
v 0.333001 0.063 0.774431
v 0.333001 0.307279 0.90171
v 0.333001 0.262732 0.857162
v 0.333001 0.224774 0.882525
v 0.333001 0.111117 0.940729
v 0.333001 0.097269 0.857162
v 0.333001 0.346298 0.843314
v 0.333001 0.288094 0.819205
v 0.333001 0.052721 0.90171
v 0.333001 0.248883 0.940729
v 0.333001 0 0.774431
v 0.333001 0.052721 0.647152
v 0.333001 0.18 0.594431
v 0.333001 0.307279 0.647152
v 0.333001 0.297 0.774431
v 0.468001 0.082716 0.814727
v 0.477001 0.097269 0.857162
v 0.477001 0.224774 0.882525
v 0.468001 0.254458 0.848889
v 0.467999 0.18 -0.578269
v 0.476999 0.262732 -0.766301
v 0.476999 0.18 -0.566569
v 0.467999 0.220297 -0.586285
v 0.477001 0.262732 0.857162
v 0.477001 0.224774 0.666337
v 0.476999 0.071906 -0.638795
v 0.477001 0.135226 0.666337
v 0.476999 0.071906 -0.728343
v 0.476999 0.224774 -0.575475
v 0.477001 0.071906 0.729657
v 0.476999 0.135226 -0.791663
v 0.477001 0.071906 0.819205
v 0.477001 0.346298 0.843314
v 0.333001 0.346298 0.843314
v 0.333001 0.307279 0.90171
v 0.477001 0.052721 0.90171
v 0.333001 0.052721 0.90171
v 0.333001 0.013702 0.843314
v 0.477001 0.248883 0.940729
v 0.333001 0.248883 0.940729
v 0.333001 0.18 0.954431
v 0.477001 0.013702 0.705548
v 0.477001 0 0.774431
v 0.333001 0 0.774431
v 0.477001 0.052721 0.647152
v 0.333001 0.052721 0.647152
v 0.333001 0.111117 0.608133
v 0.477001 0.248883 0.608132
v 0.477001 0.18 0.594431
v 0.333001 0.18 0.594431
v 0.477001 0.346298 0.705548
v 0.477001 0.307279 0.647152
v 0.333001 0.307279 0.647152
v 0.477001 0.36 0.774431
v 0.333001 0.36 0.774431
v 0.477001 0.111117 0.940729
v 0.333001 0.111117 0.940729
v 0.477001 0.307279 0.90171
v 0.477001 0.013702 0.843314
v 0.333001 0.013702 0.705548
v 0.477001 0.111117 0.608132
v 0.333001 0.248883 0.608133
v 0.333001 0.346298 0.705548
v 0.477001 0.18 0.954431
v -0.333001 0.346298 -0.752451
v -0.333001 0.18 -0.863568
v -0.333001 0.013702 -0.752451
v -0.333001 0.013702 -0.614685
v -0.333 0.248883 -0.51727
v -0.477 0.307279 -0.556289
v -0.477 0.052721 -0.556289
v -0.477 0.18 -0.503568
v -0.477001 0.052721 -0.810847
v -0.477001 0.248883 -0.849866
v -0.332999 0.307279 0.647153
v -0.332999 0.052721 0.647153
v -0.476999 0.346298 0.843315
v -0.476999 0.18 0.954432
v -0.476999 0.013702 0.705549
v -0.476999 0.248883 0.608134
v 0.476999 0.346298 -0.752452
v 0.476999 0.18 -0.863569
v 0.476999 0.013702 -0.752452
v 0.476999 0.248883 -0.517271
v 0.476999 0.013702 -0.614686
v 0.477001 0.288094 0.819205
v 0.476999 0.288094 -0.728343
v 0.477001 0.288094 0.729657
v 0.476999 0.18 -0.800569
v 0.477001 0.307279 0.647152
v 0.477001 0.052721 0.647152
v 0.477001 0.013702 0.843314
v -0.477001 0.288094 -0.728342
v -0.477001 0.346298 -0.752451
v -0.477001 0.307279 -0.810847
vt 0 1
vt 0 1
vt 0 1
vt 0 1
vt 0 1
vt 0 1
vt 0 1
vt 0 1
vt 0 1
vt 0 1
vt 0 1
vt 0 1
vt 0 1
vt 0 1
vt 0 1
vt 0 1
vt 0 1
vt 0 1
vt 0 1
vt 0 1
vt 0 1
vt 0 1
vt 0 1
vt 0 1
vt 0 1
vt 0 1
vt 0 1
vt 0 1
vt 0 1
vt 0 1
vt 0 1
vt 0 1
vt 0 1
vt 0 1
vt 0 1
vt 0 1
vt 0 1
vt 0 1
vt 0 1
vt 0 1
vt 0 1
vt 0 1
vt 0 1
vt 0 1
vt 0 1
vt 0 1
vt 0 1
vt 0 1
vt 0 1
vt 0 1
vt 0 1
vt 0 1
vt 0 1
vt 0 1
vt 0 1
vt 0 1
vt 0 1
vt 0 1
vt 0 1
vt 0 1
vt 0 1
vt 0 1
vt 0 1
vt 0 1
vt 0 1
vt 0 1
vt 0 1
vt 0 1
vt 0 1
vt 0 1
vt 0 1
vt 0 1
vt 0 1
vt 0 1
vt 0 1
vt 0 1
vt 0 1
vt 0 1
vt 0 1
vt 0 1
vt 0 1
vt 0 1
vt 0 1
vt 0 1
vt 0 1
vt 0 1
vt 0 1
vt 0 1
vt 0 1
vt 0 1
vt 0 1
vt 0 1
vt 0 1
vt 0 1
vt 0 1
vt 0 1
vt 0 1
vt 0 1
vt 0 1
vt 0 1
vt 0 1
vt 0 1
vt 0 1
vt 0 1
vt 0 1
vt 0 1
vt 0 1
vt 0 1
vt 0 1
vt 0 1
vt 0 1
vt 0 1
vt 0 1
vt 0 1
vt 0 1
vt 0 1
vt 0 1
vt 0 1
vt 0 1
vt 0 1
vt 0 1
vt 0 1
vt 0 1
vt 0 1
vt 0 1
vt 0 1
vt 0 1
vt 0 1
vt 0 1
vt 0 1
vt 0 1
vt 0 1
vt 0 1
vt 0 1
vt 0 1
vt 0 1
vt 0 1
vt 0 1
vt 0 1
vt 0 1
vt 0 1
vt 0 1
vt 0 1
vt 0 1
vt 0 1
vt 0 1
vt 0 1
vt 0 1
vt 0 1
vt 0 1
vt 0 1
vt 0 1
vt 0 1
vt 0 1
vt 0 1
vt 0 1
vt 0 1
vt 0 1
vt 0 1
vt 0 1
vt 0 1
vt 0 1
vt 0 1
vt 0 1
vt 0 1
vt 0 1
vt 0 1
vt 0 1
vt 0 1
vt 0 1
vt 0 1
vt 0 1
vt 0 1
vt 0 1
vt 0 1
vt 0 1
vt 0 1
vt 0 1
vt 0 1
vt 0 1
vt 0 1
vt 0 1
vt 0 1
vt 0 1
vt 0 1
vt 0 1
vt 0 1
vt 0 1
vt 0 1
vt 0 1
vt 0 1
vt 0 1
vt 0 1
vt 0 1
vt 0 1
vt 0 1
vt 0 1
vt 0 1
vt 0 1
vt 0 1
vt 0 1
vt 0 1
vt 0 1
vt 0 1
vt 0 1
vt 0 1
vt 0 1
vt 0 1
vt 0 1
vt 0 1
vt 0 1
vt 0 1
vt 0 1
vt 0 1
vt 0 1
vt 0 1
vt 0 1
vt 0 1
vt 0 1
vt 0 1
vt 0 1
vt 0 1
vt 0 1
vt 0 1
vt 0 1
vt 0 1
vt 0 1
vt 0 1
vt 0 1
vt 0 1
vt 0 1
vt 0 1
vt 0 1
vt 0 1
vt 0 1
vt 0 1
vt 0 1
vt 0 1
vt 0 1
vt 0 1
vt 0 1
vt 0 1
vt 0 1
vt 0 1
vt 0 1
vt 0 1
vt 0 1
vt 0 1
vt 0 1
vt 0 1
vt 0 1
vt 0 1
vt 0 1
vt 0 1
vt 0 1
vt 0 1
vt 0 1
vt 0 1
vt 0 1
vt 0 1
vt 0 1
vt 0 1
vt 0 1
vt 0 1
vt 0 1
vt 0 1
vt 0 1
vt 0 1
vt 0 1
vt 0 1
vt 0 1
vt 0 1
vt 0 1
vt 0 1
vt 0 1
vt 0 1
vt 0 1
vt 0 1
vt 0 1
vt 0 1
vt 0 1
vt 0 1
vt 0 1
vt 0 1
vt 0 1
vt 0 1
vt 0 1
vt 0 1
vt 0 1
vt 0 1
vt 0 1
vt 0 1
vt 0 1
vt 0 1
vt 0 1
vt 0 1
vt 0 1
vt 0 1
vt 0 1
vt 0 1
vt 0 1
vt 0 1
vt 0 1
vt 0 1
vt 0 1
vt 0 1
vt 0 1
vt 0 1
vt 0 1
vt 0 1
vt 0 1
vt 0 1
vt 0 1
vt 0 1
vt 0 1
vt 0 1
vt 0 1
vt 0 1
vt 0 1
vt 0 1
vt 0 1
vt 0 1
vt 0 1
vt 0 1
vt 0 1
vt 0 1
vt 0 1
vt 0 1
vt 0 1
vt 0 1
vt 0 1
vt 0 1
vt 0 1
vt 0 1
vt 0 1
vt 0 1
vt 0 1
vt 0 1
vt 0 1
vt 0 1
vt 0 1
vt 0 1
vt 0 1
vt 0 1
vt 0 1
vt 0 1
vt 0 1
vt 0 1
vt 0 1
vt 0 1
vt 0 1
vt 0 1
vt 0 1
vt 0 1
vt 0 1
vt 0 1
vt 0 1
vt 0 1
vt 0 1
vt 0 1
vt 0 1
vt 0 1
vt 0 1
vt 0 1
vt 0 1
vt 0 1
vt 0 1
vt 0 1
vt 0 1
vt 0 1
vt 0 1
vt 0 1
vt 0 1
vt 0 1
vt 0 1
vt 0 1
vt 0 1
vt 0 1
vt 0 1
vt 0 1
vt 0 1
vt 0 1
vt 0 1
vt 0 1
vt 0 1
vt 0 1
vt 0 1
vt 0 1
vt 0 1
vt 0 1
vt 0 1
vt 0 1
vt 0 1
vt 0 1
vt 0 1
vt 0 1
vt 0 1
vt 0 1
vt 0 1
vt 0 1
vt 0 1
vt 0 1
vt 0 1
vt 0 1
vt 0 1
vt 0 1
vt 0 1
vt 0 1
vt 0 1
vt 0 1
vt 0 1
vt 0 1
vt 0 1
vt 0 1
vt 0 1
vt 0 1
vt 0 1
vt 0 1
vt 0 1
vt 0 1
vt 0 1
vt 0 1
vt 0 1
vt 0 1
vt 0 1
vt 0 1
vt 0 1
vt 0 1
vt 0 1
vt 0 1
vt 0 1
vt 0 1
vt 0 1
vt 0 1
vt 0 1
vt 0 1
vt 0 1
vt 0 1
vt 0 1
vt 0 1
vt 0 1
vt 0 1
vt 0 1
vt 0 1
vt 0 1
vt 0 1
vt 0 1
vt 0 1
vt 0 1
vt 0 1
vt 0 1
vt 0 1
vt 0 1
vt 0 1
vt 0 1
vt 0 1
vt 0 1
vt 0 1
vt 0 1
vt 0 1
vt 0 1
vt 0 1
vt 0 1
vt 0 1
vt 0 1
vt 0 1
vt 0 1
vt 0 1
vt 0 1
vt 0 1
vt 0 1
vt 0 1
vt 0 1
vt 0 1
vt 0 1
vt 0 1
vt 0 1
vt 0 1
vt 0 1
vt 0 1
vt 0 1
vt 0 1
vt 0 1
vt 0 1
vt 0 1
vt 0 1
vt 0 1
vt 0 1
vt 0 1
vt 0 1
vt 0 1
vt 0 1
vt 0 1
vt 0 1
vt 0 1
vt 0 1
vt 0 1
vt 0 1
vt 0 1
vt 0 1
vt 0 1
vt 0 1
vt 0 1
vt 0 1
vt 0 1
vt 0 1
vt 0 1
vt 0 1
vt 0 1
vt 0 1
vt 0 1
vt 0 1
vt 0 1
vt 0 1
vt 0 1
vt 0 1
vt 0 1
vt 0 1
vt 0 1
vt 0 1
vt 0 1
vt 0 1
vt 0 1
vt 0 1
vt 0 1
vt 0 1
vt 0 1
vt 0 1
vt 0 1
vt 0 1
vt 0 1
vt 0 1
vt 0 1
vt 0 1
vt 0 1
vt 0 1
vt 0 1
vt 0 1
vt 0 1
vt 0 1
vt 0 1
vt 0 1
vt 0 1
vt 0 1
vt 0 1
vt 0 1
vt 0 1
vt 0 1
vt 0 1
vt 0 1
vt 0 1
vt 0 1
vt 0 1
vt 0 1
vt 0 1
vt 0 1
vt 0 1
vt 0 1
vt 0 1
vt 0 1
vt 0 1
vt 0 1
vt 0 1
vt 0 1
vt 0 1
vt 0 1
vt 0 1
vt 0 1
vt 0 1
vt 0 1
vt 0 1
vt 0 1
vt 0 1
vt 0 1
vt 0 1
vt 0 1
vt 0 1
vt 0 1
vt 0 1
vt 0 1
vt 0 1
vt 0 1
vt 0 1
vt 0 1
vt 0 1
vt 0 1
vt 0 1
vt 0 1
vt 0 1
vt 0 1
vt 0 1
vt 0 1
vt 0 1
vt 0 1
vt 0 1
vt 0 1
vt 0 1
vt 0 1
vt 0 1
vt 0 1
vt 0 1
vt 0 1
vt 0 1
vt 0 1
vt 0 1
vt 0 1
vt 0 1
vt 0 1
vt 0 1
vt 0 1
vt 0 1
vt 0 1
vt 0 1
vt 0 1
vt 0 1
vt 0 1
vt 0 1
vt 0 1
vt 0 1
vt 0 1
vt 0 1
vt 0 1
vt 0 1
vt 0 1
vt 0 1
vt 0 1
vt 0 1
vt 0 1
vt 0 1
vt 0 1
vt 0 1
vt 0 1
vt 0 1
vt 0 1
vt 0 1
vt 0 1
vt 0 1
vt 0 1
vt 0 1
vt 0 1
vt 0 1
vt 0 1
vt 0 1
vt 0 1
vt 0 1
vt 0 1
vt 0 1
vt 0 1
vt 0 1
vt 0 1
vt 0 1
vt 0 1
vt 0 1
vt 0 1
vt 0 1
vt 0 1
vt 0 1
vt 0 1
vt 0 1
vt 0 1
vt 0 1
vt 0 1
vt 0 1
vt 0 1
vt 0 1
vt 0 1
vt 0 1
vt 0 1
vt 0 1
vt 0 1
vt 0 1
vt 0 1
vt 0 1
vt 0 1
vt 0 1
vt 0 1
vt 0 1
vt 0 1
vt 0 1
vt 0 1
vt 0 1
vt 0 1
vt 0 1
vt 0 1
vt 0 1
vt 0 1
vt 0 1
vt 0 1
vt 0 1
vt 0 1
vt 0 1
vt 0 1
vt 0 1
vt 0 1
vt 0 1
vt 0 1
vt 0 1
vt 0 1
vt 0 1
vt 0 1
vt 0 1
vt 0 1
vt 0 1
vt 0 1
vt 0 1
vt 0 1
vt 0 1
vt 0 1
vt 0 1
vt 0 1
vt 0 1
vt 0 1
vt 0 1
vt 0 1
vt 0 1
vt 0 1
vt 0 1
vt 0 1
vt 0 1
vt 0 1
vt 0 1
vt 0 1
vt 0 1
vt 0 1
vt 0 1
vt 0 1
vt 0 1
vt 0 1
vt 0 1
vt 0 1
vt 0 1
vt 0 1
vt 0 1
vt 0 1
vt 0 1
vt 0 1
vt 0 1
vt 0 1
vt 0 1
vt 0 1
vt 0 1
vt 0 1
vt 0 1
vt 0 1
vt 0 1
vt 0 1
vt 0 1
vt 0 1
vt 0 1
vt 0 1
vt 0 1
vt 0 1
vt 0 1
vt 0 1
vt 0 1
vt 0 1
vt 0 1
vt 0 1
vt 0 1
vt 0 1
vt 0 1
vt 0 1
vt 0 1
vt 0 1
vt 0 1
vt 0 1
vt 0 1
vt 0 1
vt 0 1
vt 0 1
vt 0 1
vt 0 1
vt 0 1
vt 0 1
vt 0 1
vt 0 1
vt 0 1
vt 0 1
vt 0 1
vt 0 1
vt 0 1
vt 0 1
vt 0 1
vt 0 1
vt 0 1
vt 0 1
vt 0 1
vt 0 1
vt 0 1
vt 0 1
vt 0 1
vt 0 1
vt 0 1
vt 0 1
vt 0 1
vt 0 1
vt 0 1
vt 0 1
vt 0 1
vt 0 1
vt 0 1
vt 0 1
vt 0 1
vt 0 1
vt 0 1
vt 0 1
vt 0 1
vt 0 1
vt 0 1
vt 0 1
vt 0 1
vt 0 1
vt 0 1
vt 0 1
vt 0 1
vt 0 1
vt 0 1
vt 0 1
vt 0 1
vt 0 1
vt 0 1
vt 0 1
vt 0 1
vt 0 1
vt 0 1
vt 0 1
vt 0 1
vt 0 1
vt 0 1
vt 0 1
vt 0 1
vt 0 1
vt 0 1
vt 0 1
vt 0 1
vt 0 1
vt 0 1
vt 0 1
vt 0 1
vt 0 1
vt 0 1
vt 0 1
vt 0 1
vt 0 1
vt 0 1
vt 0 1
vt 0 1
vt 0 1
vt 0 1
vt 0 1
vt 0 1
vt 0 1
vt 0 1
vt 0 1
vt 0 1
vt 0 1
vt 0 1
vt 0 1
vt 0 1
vt 0 1
vt 0 1
vt 0 1
vt 0 1
vt 0 1
vt 0 1
vt 0 1
vt 0 1
vt 0 1
vt 0 1
vt 0 1
vt 0 1
vt 0 1
vt 0 1
vt 0 1
vt 0 1
vt 0 1
vt 0 1
vt 0 1
vt 0 1
vt 0 1
vt 0 1
vt 0 1
vt 0 1
vt 0 1
vt 0 1
vt 0 1
vt 0 1
vt 0 1
vt 0 1
vt 0 1
vt 0 1
vt 0 1
vt 0 1
vt 0 1
vt 0 1
vt 0 1
vt 0 1
vt 0 1
vt 0 1
vt 0 1
vt 0 1
vt 0 1
vt 0 1
vt 0 1
vt 0 1
vt 0 1
vt 0 1
vt 0 1
vt 0 1
vt 0 1
vt 0 1
vt 0 1
vt 0 1
vt 0 1
vt 0 1
vt 0 1
vt 0 1
vt 0 1
vt 0 1
vt 0 1
vt 0 1
vt 0 1
vt 0 1
vt 0 1
vt 0 1
vt 0 1
vt 0 1
vt 0 1
vt 0 1
vt 0 1
vt 0 1
vt 0 1
vt 0 1
vt 0 1
vt 0 1
vt 0 1
vt 0 1
vt 0 1
vt 0 1
vt 0 1
vt 0 1
vt 0 1
vt 0 1
vt 0 1
vt 0 1
vt 0 1
vt 0 1
vt 0 1
vt 0 1
vt 0 1
vt 0 1
vt 0 1
vt 0 1
vt 0 1
vt 0 1
vt 0 1
vt 0 1
vt 0 1
vt 0 1
vt 0 1
vt 0 1
vt 0 1
vt 0 1
vt 0 1
vt 0 1
vt 0 1
vt 0 1
vt 0 1
vt 0 1
vt 0 1
vt 0 1
vt 0 1
vt 0 1
vt 0 1
vt 0 1
vt 0 1
vt 0 1
vt 0 1
vt 0 1
vt 0 1
vt 0 1
vt 0 1
vt 0 1
vt 0 1
vt 0 1
vt 0 1
vt 0 1
vt 0 1
vt 0 1
vt 0 1
vt 0 1
vt 0 1
vt 0 1
vt 0 1
vt 0 1
vt 0 1
vt 0 1
vt 0 1
vt 0 1
vt 0 1
vt 0 1
vt 0 1
vt 0 1
vt 0 1
vt 0 1
vt 0 1
vt 0 1
vt 0 1
vt 0 1
vt 0 1
vt 0 1
vt 0 1
vt 0 1
vt 0 1
vt 0 1
vt 0 1
vt 0 1
vt 0 1
vt 0 1
vt 0 1
vt 0 1
vt 0 1
vt 0 1
vt 0 1
vt 0 1
vt 0 1
vt 0 1
vt 0 1
vt 0 1
vt 0 1
vt 0 1
vt 0 1
vt 0 1
vt 0 1
vt 0 1
vt 0 1
vt 0 1
vt 0 1
vt 0 1
vt 0 1
vt 0 1
vt 0 1
vt 0 1
vt 0 1
vt 0 1
vt 0 1
vt 0 1
vt 0 1
vt 0 1
vt 0 1
vt 0 1
vt 0 1
vt 0 1
vt 0 1
vt 0 1
vt 0 1
vt 0 1
vt 0 1
vt 0 1
vt 0 1
vt 0 1
vt 0 1
vt 0 1
vt 0 1
vt 0 1
vt 0 1
vt 0 1
vt 0 1
vt 0 1
vt 0 1
vt 0 1
vt 0 1
vt 0 1
vt 0 1
vt 0 1
vt 0 1
vt 0 1
vt 0 1
vt 0 1
vt 0 1
vt 0 1
vt 0 1
vt 0 1
vt 0 1
vt 0 1
vt 0 1
vt 0 1
vt 0 1
vt 0 1
vt 0 1
vt 0 1
vt 0 1
vt 0 1
vt 0 1
vt 0 1
vt 0 1
vt 0 1
vt 0 1
vt 0 1
vt 0 1
vt 0 1
vt 0 1
vt 0 1
vt 0 1
vt 0 1
vt 0 1
vt 0 1
vt 0 1
vt 0 1
vt 0 1
vt 0 1
vt 0 1
vt 0 1
vt 0 1
vt 0 1
vt 0 1
vt 0 1
vt 0 1
vt 0 1
vt 0 1
vt 0 1
vt 0 1
vt 0 1
vt 0 1
vt 0 1
vt 0 1
vt 0 1
vt 0 1
vt 0 1
vt 0 1
vt 0 1
vt 0 1
vt 0 1
vt 0 1
vt 0 1
vt 0 1
vt 0 1
vt 0 1
vt 0 1
vt 0 1
vt 0 1
vt 0 1
vt 0 1
vt 0 1
vt 0 1
vt 0 1
vt 0 1
vt 0 1
vt 0 1
vt 0 1
vt 0 1
vt 0 1
vt 0 1
vt 0 1
vt 0 1
vt 0 1
vt 0 1
vt 0 1
vt 0 1
vt 0 1
vt 0 1
vt 0 1
vt 0 1
vt 0 1
vt 0 1
vt 0 1
vt 0 1
vt 0 1
vt 0 1
vt 0 1
vt 0 1
vt 0 1
vt 0 1
vt 0 1
vt 0 1
vt 0 1
vt 0 1
vt 0 1
vt 0 1
vt 0 1
vt 0 1
vt 0 1
vt 0 1
vt 0 1
vt 0 1
vt 0 1
vt 0 1
vt 0 1
vt 0 1
vt 0 1
vt 0 1
vt 0 1
vt 0 1
vt 0 1
vt 0 1
vt 0 1
vt 0 1
vt 0 1
vt 0 1
vt 0 1
vt 0 1
vt 0 1
vt 0 1
vt 0 1
vt 0 1
vt 0 1
vt 0 1
vt 0 1
vt 0 1
vt 0 1
vt 0 1
vt 0 1
vt 0 1
vt 0 1
vt 0 1
vt 0 1
vt 0 1
vt 0 1
vt 0 1
vt 0 1
vt 0 1
vt 0 1
vt 0 1
vt 0 1
vt 0 1
vt 0 1
vt 0 1
vt 0 1
vt 0 1
vt 0 1
vt 0 1
vt 0 1
vt 0 1
vt 0 1
vt 0 1
vt 0 1
vt 0 1
vt 0 1
vt 0 1
vt 0 1
vt 0 1
vt 0 1
vt 0 1
vt 0 1
vt 0 1
vt 0 1
vt 0 1
vt 0 1
vt 0 1
vt 0 1
vt 0 1
vt 0 1
vt 0 1
vt 0 1
vt 0 1
vt 0 1
vt 0 1
vt 0 1
vt 0 1
vt 0 1
vt 0 1
vt 0 1
vt 0 1
vt 0 1
vt 0 1
vt 0 1
vt 0 1
vt 0 1
vt 0 1
vt 0 1
vt 0 1
vt 0 1
vt 0 1
vt 0 1
vt 0 1
vt 0 1
vt 0 1
vt 0 1
vt 0 1
vt 0 1
vt 0 1
vt 0 1
vt 0 1
vt 0 1
vt 0 1
vt 0 1
vt 0 1
vt 0 1
vt 0 1
vt 0 1
vt 0 1
vt 0 1
vt 0 1
vt 0 1
vt 0 1
vt 0 1
vt 0 1
vt 0 1
vt 0 1
vt 0 1
vt 0 1
vt 0 1
vt 0 1
vt 0 1
vt 0 1
vt 0 1
vt 0 1
vt 0 1
vt 0 1
vt 0 1
vt 0 1
vt 0 1
vt 0 1
vt 0 1
vt 0 1
vt 0 1
vt 0 1
vt 0 1
vt 0 1
vt 0 1
vt 0 1
vt 0 1
vt 0 1
vt 0 1
vt 0 1
vt 0 1
vt 0 1
vt 0 1
vt 0 1
vt 0 1
vt 0 1
vt 0 1
vt 0 1
vt 0 1
vt 0 1
vt 0 1
vt 0 1
vt 0 1
vt 0 1
vt 0 1
vt 0 1
vt 0 1
vt 0 1
vt 0 1
vt 0 1
vt 0 1
vt 0 1
vt 0 1
vt 0 1
vt 0 1
vt 0 1
vt 0 1
vt 0 1
vt 0 1
vt 0 1
vt 0 1
vt 0 1
vt 0 1
vt 0 1
vt 0 1
vt 0 1
vt 0 1
vt 0 1
vt 0 1
vt 0 1
vt 0 1
vt 0 1
vt 0 1
vt 0 1
vt 0 1
vt 0 1
vt 0 1
vt 0 1
vt 0 1
vt 0 1
vt 0 1
vt 0 1
vt 0 1
vt 0 1
vt 0 1
vt 0 1
vt 0 1
vt 0 1
vt 0 1
vt 0 1
vt 0 1
vt 0 1
vt 0 1
vt 0 1
vt 0 1
vt 0 1
vt 0 1
vt 0 1
vt 0 1
vt 0 1
vt 0 1
vt 0 1
vt 0 1
vt 0 1
vt 0 1
vt 0 1
vt 0 1
vt 0 1
vt 0 1
vt 0 1
vt 0 1
vt 0 1
vt 0 1
vt 0 1
vt 0 1
vt 0 1
vt 0 1
vt 0 1
vt 0 1
vt 0 1
vt 0 1
vt 0 1
vt 0 1
vt 0 1
vt 0 1
vt 0 1
vt 0 1
vt 0 1
vt 0 1
vt 0 1
vt 0 1
vt 0 1
vt 0 1
vt 0 1
vt 0 1
vt 0 1
vt 0 1
vt 0 1
vt 0 1
vt 0 1
vt 0 1
vt 0 1
vt 0 1
vt 0 1
vt 0 1
vt 0 1
vt 0 1
vt 0 1
vt 0 1
vt 0 1
vt 0 1
vt 0 1
vt 0 1
vt 0 1
vt 0 1
vt 0 1
vt 0 1
vt 0 1
vt 0 1
vt 0 1
vt 0 1
vt 0 1
vt 0 1
vt 0 1
vt 0 1
vt 0 1
vt 0 1
vt 0 1
vt 0 1
vt 0 1
vt 0 1
vt 0 1
vt 0 1
vt 0 1
vt 0 1
vt 0 1
vt 0 1
vt 0 1
vt 0 1
vt 0 1
vt 0 1
vt 0 1
vt 0 1
vt 0 1
vt 0 1
vt 0 1
vt 0 1
vt 0 1
vt 0 1
vt 0 1
vt 0 1
vt 0 1
vt 0 1
vt 0 1
vt 0 1
vt 0 1
vt 0 1
vt 0 1
vt 0 1
vt 0 1
vt 0 1
vt 0 1
vt 0 1
vt 0 1
vt 0 1
vt 0 1
vt 0 1
vt 0 1
vt 0 1
vt 0 1
vt 0 1
vt 0 1
vt 0 1
vt 0 1
vt 0 1
vt 0 1
vt 0 1
vt 0 1
vt 0 1
vt 0 1
vt 0 1
vt 0 1
vt 0 1
vt 0 1
vt 0 1
vt 0 1
vt 0 1
vt 0 1
vt 0 1
vt 0 1
vt 0 1
vt 0 1
vt 0 1
vt 0 1
vt 0 1
vt 0 1
vt 0 1
vt 0 1
vt 0 1
vt 0 1
vt 0 1
vn -1 0 0
vn -1 0 0
vn -1 0 0
vn -1 0 0
vn -1 0 0
vn -0.9999999998690374 0.000003157326781918008 0.0000158731360132041
vn -0.9999999998690418 -0.00001345621020004937 0.000008991486663957952
vn -0.9999999998946224 -0.000005555594146846554 0.000013412327418103509
vn -0.999999999869037 -0.00000899165741043171 0.000013456465730700534
vn -0.9999999998690388 0.000008991425510469313 0.0000134564731903322
vn -1 0 0
vn -1 0 0
vn -1 0 0
vn -1 0 0
vn -1 0 0
vn -0.9999999998690392 -0.00000315741276468555 0.000015873015871393584
vn 1 0 0
vn 1 0 0
vn 1 0 0
vn 1 0 0
vn 1 0 0
vn 1 0 0
vn 0.999999999549125 0.000006801265558238122 -0.000029248809741070428
vn 0.9999999997505844 -0.00002063440554452254 -0.000008547090977817574
vn 0.9999999998690374 -0.00001345660379162352 -0.000008991395140900371
vn 0.9999999998690418 0.000013456210199302403 -0.000008991486663458826
vn 1 0 0
vn 1 0 0
vn 1 0 0
vn 1 0 0
vn 1 0 0
vn 1 0 0
vn -0.7868424645557499 -0.34288635044070004 0.5131353492532852
vn -0.7868806993156502 0.34284194289531533 -0.5131063897831313
vn -0.7868588518000161 -0.6052760398461674 -0.12039129093128423
vn -0.7868806993156502 0.34284194289531533 -0.5131063897831313
vn -0.7868454862708413 -0.6052933250541652 0.1203917413283651
vn -0.7868586638268611 -0.5131278938872348 -0.3428603326071091
vn -0.7868745637270672 -0.5131110372714336 0.34284906940164106
vn -0.7868525273707359 0.5131362569750214 -0.34286189923634053
vn -0.7868584524424802 0.6052757326480623 0.1203954454586061
vn -0.7868591348147888 -0.12038834663280255 0.6052762575498416
vn -0.7868537336900807 0.3428714290179771 0.5131280395195238
vn -0.7868745637270675 0.3428490694016408 0.5131110372714331
vn -0.7868588518000161 -0.6052760398461674 -0.12039129093128423
vn -0.7868717820812485 -0.12039212974931823 -0.6052590632602732
vn -0.7868584524424804 0.6052757326480623 0.1203954454586064
vn -0.7868584524424787 -0.1203954454586064 0.6052757326480646
vn -1 0 0
vn -1 0 0
vn -1 0 0
vn -1 0 0
vn -1 0 0
vn -1 0 0
vn -1 0 0
vn -1 0 0
vn -1 0 0
vn -1 0 0
vn -1 0 0
vn -1 0 0
vn -1 0 0
vn -1 0 0
vn -1 0 0
vn -1 0 0
vn 0 0.8314693474994144 0.5555706293252898
vn 0 -0.831469347499414 0.55557062932529
vn 0 0.19509469664373708 0.9807844102255544
vn 0 -0.9807844102255543 -0.19509469664373705
vn -0.000005774092691037934 -0.5555706293160289 -0.8314693474855532
vn 0 0.19508100011798618 -0.9807871345980056
vn 0 0.8314693474994144 -0.5555706293252898
vn 0 0.9807844102255543 0.19509469664373727
vn 0 -0.5555706293252903 0.8314693474994138
vn 0 0.55557062932529 0.8314693474994139
vn 0 -0.9807844102255543 0.1950946966437374
vn 0 -0.8314737422475229 -0.5555640520704159
vn -0.000006811021768080256 -0.1950810001134613 -0.9807871345752563
vn 0 0.5555804728464012 -0.831462770177817
vn 0 0.9807844102255543 -0.19509469664373694
vn 0 -0.19509469664373708 0.9807844102255544
vn 0.9999999998690394 0.000003157302884325357 -0.00001587301587051246
vn 1 0 0
vn 1 0 0
vn 1 0 0
vn 1 0 0
vn 1 0 0
vn 1 0 0
vn 1 0 0
vn 1 0 0
vn 1 0 0
vn 0.9999999998690395 -0.000003157302884325358 -0.00001587301587051246
vn 1 0 0
vn 1 0 0
vn 1 0 0
vn 1 0 0
vn 1 0 0
vn -0.7868525273707342 0.5131362569750237 -0.342861899236341
vn -0.7868678422786357 -0.34285798924867145 -0.5131153846807968
vn -0.7868574287853898 0.12040609392693462 -0.605274945219529
vn -0.7868883450777716 -0.5131005982217363 0.3428330621239184
vn -0.7868717820812487 -0.12039212974931962 -0.6052590632602727
vn -0.7868574287853898 0.12040609392693294 -0.605274945219529
vn -0.7868454862708408 -0.605293325054166 0.12039174132836526
vn -0.7868586638268611 -0.5131278938872348 -0.3428603326071091
vn -0.7868437940273489 -0.3428739667875256 0.5131415854323578
vn -0.7868768763643376 0.6052526924056488 -0.12039086252210454
vn -0.7868508642353033 0.12039327768008477 0.6052860283713828
vn -0.7868653856688884 0.5131179890935242 0.34285972948826976
vn -0.7868677194121722 -0.3428570189327421 -0.5131162214505018
vn -0.7868653856688869 0.5131179890935259 0.34285972948827087
vn -0.7868508642353003 0.12039327768008393 0.6052860283713869
vn -0.7868768763643376 0.6052526924056488 -0.12039086252210454
vn 0 0.8314693474994144 0.5555706293252898
vn 0 -0.831469347499414 0.55557062932529
vn 0 0.19509469664373702 0.9807844102255543
vn 0 -0.9807844102255543 -0.19509469664373705
vn -0.000005774047014552469 -0.555580472837139 -0.8314627701639573
vn 0 0.19508100011798765 -0.9807871345980053
vn 0 0.8314693474994144 -0.5555706293252898
vn 0 0.9807844102255543 0.19509469664373694
vn 0 -0.5555706293252892 0.8314693474994147
vn 0 0.5555706293252889 0.8314693474994147
vn 0 -0.9807844102255543 0.19509469664373705
vn 0 -0.831469347499414 -0.55557062932529
vn -0.000006811021767319106 -0.19508100011346274 -0.980787134575256
vn 0 0.5555804728464001 -0.8314627701778177
vn 0 0.9807844102255543 -0.19509469664373694
vn 0 -0.19509469664373702 0.9807844102255543
vn 1 0 0
vn 1 0 0
vn 1 0 0
vn 1 0 0
vn 1 0 0
vn 1 0 0
vn 1 0 0
vn 1 0 0
vn 1 0 0
vn 1 0 0
vn 1 0 0
vn 1 0 0
vn 1 0 0
vn 1 0 0
vn 1 0 0
vn 1 0 0
vn -1 0 0
vn -1 0 0
vn -1 0 0
vn -1 0 0
vn -1 0 0
vn -1 0 0
vn -1 0 0
vn -1 0 0
vn -1 0 0
vn -1 0 0
vn -1 0 0
vn -1 0 0
vn -1 0 0
vn -1 0 0
vn -1 0 0
vn -1 0 0
vn 0.7868436711715817 -0.3428751112167674 0.5131410091245068
vn 0.7868806993156502 0.34284194289531533 -0.5131063897831313
vn 0.7868588518000161 -0.6052760398461673 -0.12039129093128419
vn 0.7868806993156502 0.34284194289531533 -0.5131063897831313
vn 0.7868591348147904 -0.6052762575498399 0.12038834663280049
vn 0.7868754467357916 -0.5131050203578239 -0.34285604764674277
vn 0.7868754467357933 -0.5131050203578215 0.3428560476467424
vn 0.7868525273707342 0.5131362569750237 -0.342861899236341
vn 0.7868577118692528 0.6052751629763488 0.12040314927707783
vn 0.7868591348147919 -0.1203883466328002 0.6052762575498382
vn 0.7868525273707362 0.34286189923633975 0.5131362569750211
vn 0.7868525273707339 0.34286189923634147 0.5131362569750236
vn 0.7868508642353016 -0.6052860283713851 -0.12039327768008361
vn 0.786857711869251 -0.12040314927707876 -0.605275162976351
vn 0.7868577118692528 0.6052751629763488 0.12040314927707783
vn 0.7868454862708396 -0.12039174132836558 0.6052933250541673
vn 1 0 0
vn 1 0 0
vn 1 0 0
vn 1 0 0
vn 1 0 0
vn 1 0 0
vn 1 0 0
vn 1 0 0
vn 1 0 0
vn 1 0 0
vn 1 0 0
vn 1 0 0
vn 1 0 0
vn 1 0 0
vn 1 0 0
vn 1 0 0
vn 0 0.8314693474994144 0.5555706293252898
vn 0 -0.831469347499414 0.55557062932529
vn 0 0.19509469664373702 0.9807844102255543
vn 0 -0.9807844102255543 -0.19509469664373705
vn -0.000005774092691037934 -0.5555706293160289 -0.8314693474855532
vn 0 0.19508100011798765 -0.9807871345980053
vn 0 0.8314693474994144 -0.5555706293252898
vn 0 0.9807844102255543 0.19509469664373694
vn 0 -0.5555706293252892 0.8314693474994147
vn 0 0.5555706293252889 0.8314693474994147
vn 0 -0.9807844102255543 0.19509469664373705
vn 0 -0.831469347499414 -0.55557062932529
vn -0.000006811002848070271 -0.19509469663921178 -0.980784410202805
vn -0.000005774092690396882 0.5555706293160286 -0.8314693474855535
vn 0 0.9807844102255543 -0.19509469664373694
vn 0 -0.19509469664373702 0.9807844102255543
vn -1 0 0
vn -1 0 0
vn -1 0 0
vn -1 0 0
vn -1 0 0
vn -1 0 0
vn -1 0 0
vn -1 0 0
vn -1 0 0
vn -1 0 0
vn -1 0 0
vn -1 0 0
vn -1 0 0
vn -1 0 0
vn -1 0 0
vn -1 0 0
vn 0.7868525273707342 0.5131362569750237 -0.342861899236341
vn 0.7868653856688873 -0.3428597294882705 -0.5131179890935254
vn 0.7868779000445506 0.12040100127722478 -0.6052493447439
vn 0.7868754467357917 -0.5131050203578239 0.3428560476467428
vn 0.7868577118692541 -0.12040314927707642 -0.6052751629763475
vn 0.7868779000445507 0.12040100127722632 -0.6052493447438995
vn 0.7868591348147904 -0.6052762575498399 0.12038834663280049
vn 0.7868754467357916 -0.5131050203578239 -0.34285604764674277
vn 0.7868436711715843 -0.3428751112167656 0.5131410091245042
vn 0.786877900044551 0.6052493447438991 -0.12040100127722585
vn 0.786850864235303 0.12039327768008323 0.6052860283713833
vn 0.7868661919250005 0.5131217705067725 0.3428522198228318
vn 0.7868653856688873 -0.3428597294882705 -0.5131179890935254
vn 0.7868661919250006 0.5131217705067721 0.3428522198228326
vn 0.7868508642353003 0.12039327768008393 0.6052860283713869
vn 0.786877900044551 0.6052493447438991 -0.12040100127722585
vn 0 0.8314693474994144 0.5555706293252898
vn 0 -0.831469347499414 0.55557062932529
vn 0 0.19509469664373702 0.9807844102255543
vn 0 -0.9807844102255543 -0.19509469664373705
vn 0 -0.5555706293252892 -0.8314693474994147
vn 0 0.19508100011798618 -0.9807871345980056
vn 0 0.8314693474994144 -0.5555706293252898
vn 0 0.9807844102255543 0.19509469664373694
vn 0 -0.5555706293252903 0.8314693474994139
vn 0 0.55557062932529 0.8314693474994139
vn 0 -0.9807844102255543 0.19509469664373705
vn 0 -0.831469347499414 -0.55557062932529
vn -0.000006811002848826446 -0.19509469663921183 -0.980784410202805
vn -0.000005774092691037939 0.5555706293160275 -0.831469347485554
vn 0 0.9807844102255543 -0.19509469664373694
vn 0 -0.19509469664373702 0.9807844102255543
vn -1 0 0
vn -1 0 0
vn -1 0 0
vn -1 0 0
vn -1 0 0
vn -0.9999999998690392 0.00000315741276468555 0.000015873015871393584
vn -0.9999999998946224 0.0000055555941468465505 0.000013412327418103509
vn -0.9999999998690374 0.000013456603792370509 0.000008991395141399494
vn -0.999999999869041 -0.000008991291730603107 0.000013456405133404205
vn -1 0 0
vn -1 0 0
vn -1 0 0
vn -1 0 0
vn -1 0 0
vn -0.9999999998690374 -0.0000031573267819180104 0.000015873136013204092
vn 1 0 0
vn 1 0 0
vn 1 0 0
vn 1 0 0
vn 1 0 0
vn 1 0 0
vn 1 0 0
vn 0.999999999869041 0.00000899129173010399 -0.000013456405132657224
vn 0.9999999998946224 0.000005555594146538156 -0.000013412327417358975
vn 0.9999999998946224 -0.0000055555941465381534 -0.000013412327417358974
vn 1 0 0
vn 1 0 0
vn 1 0 0
vn 1 0 0
vn 1 0 0
vn 1 0 0
vn -0.7868883450777714 -0.3428330621239179 0.5131005982217366
vn -0.7868539360249394 0.34287302753159415 -0.5131266611211889
vn -0.7868512637508588 -0.605284722162945 -0.12039723356374622
vn -0.7868539360249417 0.3428730275315914 -0.513126661121187
vn -0.7868584524424801 -0.6052757326480628 0.12039544545860584
vn -0.7868754467357933 -0.5131050203578215 -0.3428560476467424
vn -0.7868424645557505 -0.5131353492532851 0.3428863504406994
vn -0.7868792908945377 0.5130997809465843 -0.3428550661050191
vn -0.7868725223953904 0.6052566417097459 0.1203994649712216
vn -0.7868461686589642 -0.12039850088383303 0.6052910934844777
vn -0.7868575784154789 0.342870447350302 0.513122799750637
vn -0.7868577807169302 0.3428685622166826 0.5131237491762514
vn -0.7868512637508588 -0.605284722162945 -0.12039723356374622
vn -0.7868577118692541 -0.12040314927707645 -0.6052751629763475
vn -0.7868725223953897 0.6052566417097466 0.12039946497122173
vn -0.7868454862708396 -0.12039174132836558 0.6052933250541673
vn -1 0 0
vn -1 0 0
vn -1 0 0
vn -1 0 0
vn -1 0 0
vn -1 0 0
vn -1 0 0
vn -1 0 0
vn -1 0 0
vn -1 0 0
vn -1 0 0
vn -1 0 0
vn -1 0 0
vn -1 0 0
vn -1 0 0
vn -1 0 0
vn 0 0.8314693474994143 0.5555706293252898
vn 0 -0.8314693474994139 0.55557062932529
vn 0 0.19509469664373708 0.9807844102255544
vn 0 -0.9807844102255543 -0.19509469664373705
vn -0.000005774092691037934 -0.5555706293160289 -0.8314693474855532
vn -0.000006811002848826446 0.19509469663921183 -0.980784410202805
vn 0 0.8314693474994144 -0.5555706293252898
vn 0 0.9807844102255543 0.19509469664373727
vn 0 -0.5555706293252903 0.8314693474994138
vn 0 0.55557062932529 0.8314693474994139
vn 0 -0.9807844102255543 0.1950946966437374
vn -0.000003858129370396743 -0.8314693474932259 -0.5555706293211551
vn 0 -0.19509469664373702 -0.9807844102255543
vn -0.000005774092691037935 0.5555706293160286 -0.8314693474855535
vn 0 0.9807844102255543 -0.19509469664373694
vn 0 -0.19509469664373708 0.9807844102255544
vn 0.9999999998946234 -0.00001341227241875412 -0.0000055555713652625895
vn 1 0 0
vn 1 0 0
vn 1 0 0
vn 1 0 0
vn 1 0 0
vn 1 0 0
vn 1 0 0
vn 1 0 0
vn 1 0 0
vn 0.9999999998946234 0.000013412272418754123 -0.000005555571365262584
vn 1 0 0
vn 1 0 0
vn 1 0 0
vn 1 0 0
vn 1 0 0
vn -0.7868792908945377 0.5130997809465843 -0.3428550661050191
vn -0.7868655085380153 -0.3428585850906948 -0.5131185653460785
vn -0.7868768763643373 0.12039086252210567 -0.6052526924056488
vn -0.7868424645557519 -0.5131353492532832 0.3428863504406982
vn -0.7868577118692539 -0.12040314927707808 -0.6052751629763474
vn -0.7868768763643372 0.12039086252210426 -0.6052526924056493
vn -0.7868584524424801 -0.6052757326480628 0.12039544545860614
vn -0.7868754467357917 -0.5131050203578239 -0.3428560476467428
vn -0.7868690488543885 -0.3428675184816229 0.5131071669010716
vn -0.7868574287853887 0.6052749452195302 -0.12040609392693447
vn -0.7868584524424787 0.12039544545860649 0.6052757326480646
vn -0.7868677194121705 0.5131162214505027 0.3428570189327447
vn -0.7868653856688875 -0.3428597294882705 -0.5131179890935254
vn -0.7868539360249396 0.5131266611211889 0.34287302753159377
vn -0.7868584524424787 0.12039544545860649 0.6052757326480646
vn -0.7868574287853887 0.6052749452195302 -0.12040609392693447
vn 0 0.8314693474994144 0.5555706293252898
vn 0 -0.831469347499414 0.55557062932529
vn 0 0.19509469664373702 0.9807844102255543
vn 0 -0.9807844102255543 -0.19509469664373705
vn 0 -0.5555706293252903 -0.8314693474994139
vn -0.000006811002848070271 0.19509469663921183 -0.980784410202805
vn 0 0.8314693474994144 -0.5555706293252898
vn 0 0.9807844102255543 0.19509469664373694
vn 0 -0.5555706293252892 0.8314693474994147
vn 0 0.5555706293252889 0.8314693474994147
vn 0 -0.9807844102255543 0.19509469664373705
vn 0 -0.831469347499414 -0.55557062932529
vn 0 -0.19509469664373702 -0.9807844102255543
vn -0.000005774092690396882 0.5555706293160286 -0.8314693474855535
vn 0 0.9807844102255543 -0.19509469664373694
vn 0 -0.19509469664373702 0.9807844102255543
vn 1 0 0
vn 1 0 0
vn 1 0 0
vn 1 0 0
vn 1 0 0
vn 1 0 0
vn 1 0 0
vn 1 0 0
vn 1 0 0
vn 1 0 0
vn 1 0 0
vn 1 0 0
vn 1 0 0
vn 1 0 0
vn 1 0 0
vn 1 0 0
vn -1 0 0
vn -1 0 0
vn -1 0 0
vn -1 0 0
vn -1 0 0
vn -1 0 0
vn -1 0 0
vn -1 0 0
vn -1 0 0
vn -1 0 0
vn -1 0 0
vn -1 0 0
vn -1 0 0
vn -1 0 0
vn -1 0 0
vn -1 0 0
vn 0.7868666333765246 -0.3428484425835437 0.5131236173640155
vn 0.7868539360249394 0.34287302753159415 -0.5131266611211889
vn 0.7868512637508588 -0.605284722162945 -0.12039723356374622
vn 0.7868539360249394 0.34287302753159415 -0.5131266611211889
vn 0.7868461686589623 -0.6052910934844798 0.12039850088383351
vn 0.7868586638268611 -0.5131278938872348 -0.3428603326071091
vn 0.7868448798496122 -0.5131466791780894 0.3428638515547365
vn 0.7868792908945377 0.5130997809465843 -0.3428550661050191
vn 0.7868717820812486 0.605259063260273 0.12039212974931861
vn 0.7868461686589642 -0.12039850088383303 0.6052910934844777
vn 0.7868586638268623 0.3428603326071083 0.5131278938872336
vn 0.7868586638268599 0.34286033260710996 0.5131278938872361
vn 0.7868584524424801 -0.6052757326480628 -0.12039544545860614
vn 0.7868717820812485 -0.1203921297493182 -0.6052590632602731
vn 0.7868717820812486 0.605259063260273 0.12039212974931861
vn 0.7868584524424787 -0.1203954454586064 0.6052757326480646
vn 1 0 0
vn 1 0 0
vn 1 0 0
vn 1 0 0
vn 1 0 0
vn 1 0 0
vn 1 0 0
vn 1 0 0
vn 1 0 0
vn 1 0 0
vn 1 0 0
vn 1 0 0
vn 1 0 0
vn 1 0 0
vn 1 0 0
vn 1 0 0
vn 0 0.8314693474994144 0.5555706293252898
vn 0 -0.831469347499414 0.55557062932529
vn 0 0.19509469664373702 0.9807844102255543
vn 0 -0.9807844102255543 -0.19509469664373705
vn -0.000005774092690396886 -0.5555706293160277 -0.8314693474855539
vn -0.000006811002848070271 0.19509469663921183 -0.980784410202805
vn 0 0.8314693474994144 -0.5555706293252898
vn 0 0.9807844102255543 0.19509469664373694
vn 0 -0.5555706293252892 0.8314693474994147
vn 0 0.5555706293252889 0.8314693474994147
vn 0 -0.9807844102255543 0.19509469664373705
vn -0.000003858083695015673 -0.831473742241335 -0.5555640520662812
vn 0 -0.19508100011798765 -0.9807871345980053
vn 0 0.5555804728464001 -0.8314627701778177
vn 0 0.9807844102255543 -0.19509469664373694
vn 0 -0.19509469664373702 0.9807844102255543
vn -1 0 0
vn -1 0 0
vn -1 0 0
vn -1 0 0
vn -1 0 0
vn -1 0 0
vn -1 0 0
vn -1 0 0
vn -1 0 0
vn -1 0 0
vn -1 0 0
vn -1 0 0
vn -1 0 0
vn -1 0 0
vn -1 0 0
vn -1 0 0
vn 0.7868792908945377 0.5130997809465843 -0.3428550661050191
vn 0.78686771941217 -0.3428570189327449 -0.5131162214505036
vn 0.7868584524424816 0.1203954454586058 -0.605275732648061
vn 0.7868448798496122 -0.5131466791780894 0.3428638515547365
vn 0.7868717820812485 -0.1203921297493182 -0.6052590632602731
vn 0.7868584524424787 0.12039544545860649 -0.6052757326480646
vn 0.7868461686589623 -0.6052910934844798 0.12039850088383351
vn 0.7868586638268611 -0.5131278938872348 -0.3428603326071091
vn 0.7868666333765271 -0.34284844258354197 0.5131236173640128
vn 0.7868584524424804 0.6052757326480623 -0.1203954454586064
vn 0.7868584524424816 0.1203954454586058 0.605275732648061
vn 0.7868532106053485 0.5131316028914857 0.34286729659457127
vn 0.78686771941217 -0.3428570189327449 -0.5131162214505036
vn 0.7868532106053501 0.5131316028914841 0.3428672965945701
vn 0.7868584524424787 0.12039544545860649 0.6052757326480646
vn 0.7868584524424804 0.6052757326480623 -0.1203954454586064
vn 0 0.8314693474994144 0.5555706293252898
vn 0 -0.831469347499414 0.55557062932529
vn 0 0.19509469664373702 0.9807844102255543
vn 0 -0.9807844102255543 -0.19509469664373705
vn -0.0000057740470151935175 -0.555580472837139 -0.8314627701639573
vn -0.000006811002848826446 0.19509469663921183 -0.980784410202805
vn 0 0.8314693474994144 -0.5555706293252898
vn 0 0.9807844102255543 0.19509469664373694
vn 0 -0.5555706293252903 0.8314693474994139
vn 0 0.55557062932529 0.8314693474994139
vn 0 -0.9807844102255543 0.19509469664373705
vn 0 -0.831469347499414 -0.55557062932529
vn 0 -0.19508100011798618 -0.9807871345980056
vn 0 0.5555804728464001 -0.8314627701778177
vn 0 0.9807844102255543 -0.19509469664373694
vn 0 -0.19509469664373702 0.9807844102255543
vn -0.9999999998690378 0.000008991402713105473 0.000013456571230285429
usemtl none
f 623/1447/483 624/1448/483 625/1449/483
f 626/1450/484 627/1451/484 628/1452/484
f 629/1453/485 630/1454/485 631/1455/485
f 632/1456/486 633/1457/486 634/1458/486
f 635/1459/487 636/1460/487 637/1461/487
f 638/1462/488 639/1463/488 640/1464/488
f 641/1465/489 642/1466/489 643/1467/489
f 644/1468/490 623/1469/490 645/1470/490
f 646/1471/491 647/1472/491 642/1473/491
f 644/1474/492 648/1475/492 639/1476/492
f 649/1477/493 643/1478/493 636/1479/493
f 633/1480/494 650/1481/494 637/1482/494
f 632/1483/495 651/1484/495 630/1485/495
f 652/1486/496 631/1487/496 627/1488/496
f 624/1489/497 653/1490/497 628/1491/497
f 646/1492/498 654/1493/498 640/1494/498
f 655/1495/499 656/1496/499 657/1497/499
f 658/1498/500 659/1499/500 660/1500/500
f 661/1501/501 662/1502/501 663/1503/501
f 664/1504/502 665/1505/502 666/1506/502
f 667/1507/503 668/1508/503 669/1509/503
f 670/1510/504 671/1511/504 672/1512/504
f 673/1513/505 674/1514/505 675/1515/505
f 676/1516/506 656/1517/506 655/1518/506
f 675/1519/507 674/1520/507 677/1521/507
f 672/1522/508 676/1523/508 678/1524/508
f 679/1525/509 657/1526/509 673/1527/509
f 669/1528/510 671/1529/510 670/1530/510
f 665/1531/511 668/1532/511 667/1533/511
f 663/1534/512 662/1535/512 664/1536/512
f 660/1537/513 661/1538/513 680/1539/513
f 681/1540/514 677/1541/514 659/1542/514
f 682/1543/515 683/1544/515 684/1545/515
f 685/1546/516 686/1547/516 687/1548/516
f 688/1549/517 689/1550/517 690/1551/517
f 691/1552/518 692/1553/518 693/1554/518
f 1132/1555/519 694/1556/519 695/1557/519
f 696/1558/520 697/1559/520 698/1560/520
f 699/1561/521 700/1562/521 701/1563/521
f 702/1564/522 693/1565/522 703/1566/522
f 704/1567/523 705/1568/523 706/1569/523
f 707/1570/524 708/1571/524 709/1572/524
f 710/1573/525 711/1574/525 712/1575/525
f 713/1576/526 714/1577/526 715/1578/526
f 716/1579/527 695/1580/527 698/1581/527
f 717/1582/528 718/1583/528 719/1584/528
f 720/1585/529 721/1586/529 722/1587/529
f 682/1588/530 723/1589/530 724/1590/530
f 725/1591/531 726/1592/531 727/1593/531
f 728/1594/532 729/1595/532 730/1596/532
f 731/1597/533 732/1598/533 733/1599/533
f 734/1600/534 735/1601/534 736/1602/534
f 737/1603/535 738/1604/535 739/1605/535
f 740/1606/536 741/1607/536 742/1608/536
f 743/1609/537 744/1610/537 745/1611/537
f 746/1612/538 727/1613/538 747/1614/538
f 744/1615/539 748/1616/539 749/1617/539
f 750/1618/540 747/1619/540 741/1620/540
f 725/1621/541 743/1622/541 751/1623/541
f 752/1624/542 742/1625/542 738/1626/542
f 753/1627/543 739/1628/543 736/1629/543
f 734/1630/544 754/1631/544 732/1632/544
f 729/1633/545 755/1634/545 733/1635/545
f 748/1636/546 728/1637/546 756/1638/546
f 757/1639/547 758/1640/547 759/1641/547
f 760/1642/548 761/1643/548 762/1644/548
f 763/1645/549 764/1646/549 765/1647/549
f 766/1648/550 767/1649/550 768/1650/550
f 769/1651/551 770/1652/551 771/1653/551
f 772/1654/552 773/1655/552 774/1656/552
f 1133/1657/553 775/1658/553 776/1659/553
f 758/1660/554 777/1661/554 778/1662/554
f 762/1663/555 779/1664/555 780/1665/555
f 765/1666/556 764/1667/556 757/1668/556
f 767/1669/557 761/1670/557 760/1671/557
f 771/1672/558 766/1673/558 781/1674/558
f 773/1675/559 770/1676/559 769/1677/559
f 1134/1678/560 776/1679/560 772/1680/560
f 777/1681/561 775/1682/561 1133/1683/561
f 780/1684/562 779/1685/562 763/1686/562
f 782/1687/563 783/1688/563 784/1689/563
f 785/1690/564 786/1691/564 787/1692/564
f 788/1693/565 789/1694/565 790/1695/565
f 791/1696/566 792/1697/566 793/1698/566
f 794/1699/567 795/1700/567 796/1701/567
f 797/1702/568 798/1703/568 799/1704/568
f 800/1705/569 801/1706/569 802/1707/569
f 803/1708/570 782/1709/570 804/1710/570
f 805/1711/571 802/1712/571 806/1713/571
f 798/1714/572 803/1715/572 807/1716/572
f 784/1717/573 783/1718/573 801/1719/573
f 795/1720/574 797/1721/574 808/1722/574
f 793/1723/575 792/1724/575 794/1725/575
f 789/1726/576 791/1727/576 809/1728/576
f 810/1729/577 787/1730/577 788/1731/577
f 811/1732/578 806/1733/578 786/1734/578
f 812/1735/579 687/1736/579 813/1737/579
f 814/1738/580 815/1739/580 719/1740/580
f 816/1741/581 817/1742/581 692/1743/581
f 1132/1744/582 818/1745/582 684/1746/582
f 816/1747/583 819/1748/583 820/1749/583
f 717/1750/584 821/1751/584 686/1752/584
f 699/1753/585 822/1754/585 689/1755/585
f 814/1756/586 823/1757/586 690/1758/586
f 700/1759/587 824/1760/587 709/1761/587
f 705/1762/588 825/1763/588 703/1764/588
f 826/1765/589 712/1766/589 708/1767/589
f 704/1768/590 827/1769/590 715/1770/590
f 819/1771/591 696/1772/591 828/1773/591
f 720/1774/592 829/1775/592 711/1776/592
f 713/1777/593 830/1778/593 724/1779/593
f 721/1780/594 831/1781/594 813/1782/594
f 832/1783/595 833/1784/595 834/1785/595
f 835/1786/596 836/1787/596 837/1788/596
f 838/1789/597 839/1790/597 840/1791/597
f 841/1792/598 842/1793/598 843/1794/598
f 844/1795/599 845/1796/599 846/1797/599
f 847/1798/600 848/1799/600 849/1800/600
f 850/1801/601 851/1802/601 852/1803/601
f 834/1804/602 853/1805/602 854/1806/602
f 837/1807/603 836/1808/603 855/1809/603
f 840/1810/604 839/1811/604 833/1812/604
f 842/1813/605 835/1814/605 856/1815/605
f 857/1816/606 846/1817/606 841/1818/606
f 848/1819/607 845/1820/607 844/1821/607
f 852/1822/608 851/1823/608 847/1824/608
f 853/1825/609 850/1826/609 858/1827/609
f 859/1828/610 855/1829/610 838/1830/610
f 860/1831/611 861/1832/611 862/1833/611
f 863/1834/612 864/1835/612 865/1836/612
f 866/1837/613 867/1838/613 868/1839/613
f 869/1840/614 870/1841/614 871/1842/614
f 872/1843/615 873/1844/615 874/1845/615
f 875/1846/616 876/1847/616 877/1848/616
f 878/1849/617 879/1850/617 880/1851/617
f 881/1852/618 882/1853/618 861/1854/618
f 879/1855/619 883/1856/619 884/1857/619
f 877/1858/620 882/1859/620 881/1860/620
f 874/1861/621 873/1862/621 878/1863/621
f 885/1864/622 871/1865/622 872/1866/622
f 868/1867/623 870/1868/623 869/1869/623
f 864/1870/624 867/1871/624 866/1872/624
f 886/1873/625 862/1874/625 863/1875/625
f 884/1876/626 883/1877/626 876/1878/626
f 887/1879/627 888/1880/627 889/1881/627
f 890/1882/628 891/1883/628 892/1884/628
f 893/1885/629 894/1886/629 895/1887/629
f 896/1888/630 897/1889/630 898/1890/630
f 899/1891/631 900/1892/631 901/1893/631
f 902/1894/632 903/1895/632 904/1896/632
f 905/1897/633 906/1898/633 907/1899/633
f 887/1900/634 908/1901/634 909/1902/634
f 905/1903/635 910/1904/635 911/1905/635
f 912/1906/636 909/1907/636 904/1908/636
f 888/1909/637 913/1910/637 907/1911/637
f 902/1912/638 914/1913/638 900/1914/638
f 915/1915/639 901/1916/639 897/1917/639
f 893/1918/640 916/1919/640 898/1920/640
f 917/1921/641 895/1922/641 892/1923/641
f 910/1924/642 890/1925/642 918/1926/642
f 919/1927/643 920/1928/643 921/1929/643
f 922/1930/644 923/1931/644 924/1932/644
f 925/1933/645 926/1934/645 927/1935/645
f 928/1936/646 929/1937/646 930/1938/646
f 931/1939/647 932/1940/647 933/1941/647
f 934/1942/648 935/1943/648 936/1944/648
f 937/1945/649 938/1946/649 939/1947/649
f 940/1948/650 928/1949/650 941/1950/650
f 942/1951/651 943/1952/651 944/1953/651
f 945/1954/652 946/1955/652 947/1956/652
f 948/1957/653 949/1958/653 950/1959/653
f 951/1960/654 952/1961/654 953/1962/654
f 954/1963/655 936/1964/655 932/1965/655
f 955/1966/656 956/1967/656 957/1968/656
f 958/1969/657 959/1970/657 960/1971/657
f 921/1972/658 920/1973/658 961/1974/658
f 962/1975/659 963/1976/659 964/1977/659
f 965/1978/660 966/1979/660 967/1980/660
f 968/1981/661 969/1982/661 970/1983/661
f 971/1984/662 972/1985/662 973/1986/662
f 974/1987/663 975/1988/663 976/1989/663
f 977/1990/664 978/1991/664 979/1992/664
f 980/1993/665 981/1994/665 982/1995/665
f 983/1996/666 962/1997/666 984/1998/666
f 985/1999/667 982/2000/667 986/2001/667
f 979/2002/668 983/2003/668 987/2004/668
f 964/2005/669 963/2006/669 981/2007/669
f 975/2008/670 978/2009/670 977/2010/670
f 988/2011/671 973/2012/671 974/2013/671
f 969/2014/672 972/2015/672 971/2016/672
f 989/2017/673 967/2018/673 968/2019/673
f 990/2020/674 986/2021/674 966/2022/674
f 991/2023/675 992/2024/675 993/2025/675
f 994/2026/676 995/2027/676 996/2028/676
f 997/2029/677 998/2030/677 999/2031/677
f 1000/2032/678 1001/2033/678 1002/2034/678
f 1003/2035/679 1004/2036/679 1005/2037/679
f 1006/2038/680 1007/2039/680 1008/2040/680
f 1009/2041/681 1010/2042/681 1011/2043/681
f 1012/2044/682 1013/2045/682 993/2046/682
f 994/2047/683 1014/2048/683 1015/2049/683
f 991/2050/684 1016/2051/684 999/2052/684
f 1017/2053/685 996/2054/685 1002/2055/685
f 1000/2056/686 1018/2057/686 1004/2058/686
f 1019/2059/687 1005/2060/687 1008/2061/687
f 1006/2062/688 1020/2063/688 1010/2064/688
f 1021/2065/689 1011/2066/689 1013/2067/689
f 997/2068/690 1022/2069/690 1015/2070/690
f 1023/2071/691 1024/2072/691 1025/2073/691
f 1026/2074/692 1027/2075/692 1028/2076/692
f 1029/2077/693 1030/2078/693 1031/2079/693
f 1032/2080/694 1033/2081/694 1034/2082/694
f 1035/2083/695 1036/2084/695 1037/2085/695
f 1038/2086/696 1039/2087/696 1040/2088/696
f 1041/2089/697 1042/2090/697 1043/2091/697
f 1044/2092/698 1025/2093/698 1045/2094/698
f 1041/2095/699 1046/2096/699 1047/2097/699
f 1048/2098/700 1045/2099/700 1039/2100/700
f 1023/2101/701 1049/2102/701 1043/2103/701
f 1050/2104/702 1040/2105/702 1036/2106/702
f 1051/2107/703 1037/2108/703 1033/2109/703
f 1052/2110/704 1034/2111/704 1030/2112/704
f 1027/2113/705 1053/2114/705 1031/2115/705
f 1046/2116/706 1026/2117/706 1054/2118/706
f 1055/2119/707 922/2120/707 1056/2121/707
f 1057/2122/708 957/2123/708 1058/2124/708
f 930/2125/709 929/2126/709 1059/2127/709
f 933/2128/710 919/2129/710 1060/2130/710
f 1061/2131/711 1059/2132/711 1062/2133/711
f 924/2134/712 923/2135/712 956/2136/712
f 927/2137/713 926/2138/713 937/2139/713
f 1063/2140/714 1058/2141/714 925/2142/714
f 938/2143/715 945/2144/715 1064/2145/715
f 943/2146/716 940/2147/716 1065/2148/716
f 946/2149/717 948/2150/717 1066/2151/717
f 952/2152/718 942/2153/718 1067/2154/718
f 1068/2155/719 1062/2156/719 935/2157/719
f 949/2158/720 958/2159/720 1069/2160/720
f 961/2161/721 951/2162/721 1070/2163/721
f 959/2164/722 1055/2165/722 1071/2166/722
f 1072/2167/723 1073/2168/723 1074/2169/723
f 1075/2170/724 1076/2171/724 1077/2172/724
f 1078/2173/725 1079/2174/725 1080/2175/725
f 1081/2176/726 1082/2177/726 1083/2178/726
f 1084/2179/727 1085/2180/727 1086/2181/727
f 1087/2182/728 1088/2183/728 1089/2184/728
f 1090/2185/729 1091/2186/729 1092/2187/729
f 1093/2188/730 1094/2189/730 1073/2190/730
f 1095/2191/731 1096/2192/731 1076/2193/731
f 1078/2194/732 1097/2195/732 1074/2196/732
f 1098/2197/733 1077/2198/733 1083/2199/733
f 1081/2200/734 1099/2201/734 1085/2202/734
f 1100/2203/735 1086/2204/735 1089/2205/735
f 1087/2206/736 1101/2207/736 1092/2208/736
f 1090/2209/737 1102/2210/737 1094/2211/737
f 1103/2212/738 1080/2213/738 1096/2214/738
f 645/2215/739 623/2216/739 625/2217/739
f 653/2218/740 626/2219/740 628/2220/740
f 652/2221/741 629/2222/741 631/2223/741
f 651/2224/742 632/2225/742 634/2226/742
f 650/2227/743 635/2228/743 637/2229/743
f 654/2230/744 638/2231/744 640/2232/744
f 649/2233/745 641/2234/745 643/2235/745
f 648/2236/746 644/2237/746 645/2238/746
f 641/2239/747 646/2240/747 642/2241/747
f 635/2242/748 649/2243/748 636/2244/748
f 634/2245/749 633/2246/749 637/2247/749
f 629/2248/750 632/2249/750 630/2250/750
f 626/2251/751 652/2252/751 627/2253/751
f 625/2254/752 624/2255/752 628/2256/752
f 647/2257/753 646/2258/753 640/2259/753
f 679/2260/754 655/2261/754 657/2262/754
f 1104/2263/755 658/2264/755 660/2265/755
f 680/2266/756 661/2267/756 663/2268/756
f 1105/2269/757 664/2270/757 666/2271/757
f 1106/2272/758 667/2273/758 669/2274/758
f 1107/2275/759 670/2276/759 672/2277/759
f 1108/2278/760 673/2279/760 675/2280/760
f 678/2281/761 676/2282/761 655/2283/761
f 681/2284/762 675/2285/762 677/2286/762
f 1107/2287/763 672/2288/763 678/2289/763
f 1108/2290/764 679/2291/764 673/2292/764
f 1106/2293/765 669/2294/765 670/2295/765
f 666/2296/766 665/2297/766 667/2298/766
f 1105/2299/767 663/2300/767 664/2301/767
f 1104/2302/768 660/2303/768 680/2304/768
f 658/2305/769 681/2306/769 659/2307/769
f 818/2308/770 682/2309/770 684/2310/770
f 812/2311/771 685/2312/771 687/2313/771
f 823/2314/772 688/2315/772 690/2316/772
f 702/2317/773 691/2318/773 693/2319/773
f 716/2320/774 1132/2321/774 695/2322/774
f 828/2323/775 696/2324/775 698/2325/775
f 822/2326/776 699/2327/776 701/2328/776
f 825/2329/777 702/2330/777 703/2331/777
f 827/2332/778 704/2333/778 706/2334/778
f 824/2335/779 707/2336/779 709/2337/779
f 826/2338/780 710/2339/780 712/2340/780
f 830/2341/781 713/2342/781 715/2343/781
f 697/2344/782 716/2345/782 698/2346/782
f 821/2347/783 717/2348/783 719/2349/783
f 829/2350/784 720/2351/784 722/2352/784
f 683/2353/785 682/2354/785 724/2355/785
f 746/2356/786 725/2357/786 727/2358/786
f 756/2359/787 728/2360/787 730/2361/787
f 755/2362/788 731/2363/788 733/2364/788
f 754/2365/789 734/2366/789 736/2367/789
f 753/2368/790 737/2369/790 739/2370/790
f 752/2371/791 740/2372/791 742/2373/791
f 751/2374/792 743/2375/792 745/2376/792
f 750/2377/793 746/2378/793 747/2379/793
f 745/2380/794 744/2381/794 749/2382/794
f 740/2383/795 750/2384/795 741/2385/795
f 726/2386/796 725/2387/796 751/2388/796
f 737/2389/797 752/2390/797 738/2391/797
f 735/2392/798 753/2393/798 736/2394/798
f 731/2395/799 734/2396/799 732/2397/799
f 730/2398/800 729/2399/800 733/2400/800
f 749/2401/801 748/2402/801 756/2403/801
f 1109/2404/802 757/2405/802 759/2406/802
f 1110/2407/803 760/2408/803 762/2409/803
f 1111/2410/804 763/2411/804 765/2412/804
f 781/2413/805 766/2414/805 768/2415/805
f 1112/2416/806 769/2417/806 771/2418/806
f 1113/2419/807 772/2420/807 774/2421/807
f 1134/2422/808 1133/2423/808 776/2424/808
f 759/2425/809 758/2426/809 778/2427/809
f 1110/2428/810 762/2429/810 780/2430/810
f 1109/2431/811 765/2432/811 757/2433/811
f 768/2434/812 767/2435/812 760/2436/812
f 1112/2437/813 771/2438/813 781/2439/813
f 774/2440/814 773/2441/814 769/2442/814
f 1113/2443/815 1134/2444/815 772/2445/815
f 778/2446/816 777/2447/816 1133/2448/816
f 1111/2449/817 780/2450/817 763/2451/817
f 804/2452/818 782/2453/818 784/2454/818
f 810/2455/819 785/2456/819 787/2457/819
f 1114/2458/820 788/2459/820 790/2460/820
f 809/2461/821 791/2462/821 793/2463/821
f 1115/2464/822 794/2465/822 796/2466/822
f 808/2467/823 797/2468/823 799/2469/823
f 805/2470/824 800/2471/824 802/2472/824
f 807/2473/825 803/2474/825 804/2475/825
f 811/2476/826 805/2477/826 806/2478/826
f 799/2479/827 798/2480/827 807/2481/827
f 800/2482/828 784/2483/828 801/2484/828
f 796/2485/829 795/2486/829 808/2487/829
f 1115/2488/830 793/2489/830 794/2490/830
f 790/2491/831 789/2492/831 809/2493/831
f 1114/2494/832 810/2495/832 788/2496/832
f 785/2497/833 811/2498/833 786/2499/833
f 831/2500/834 812/2501/834 813/2502/834
f 718/2503/835 814/2504/835 719/2505/835
f 691/2506/836 816/2507/836 692/2508/836
f 694/2509/837 1132/2510/837 684/2511/837
f 817/2512/838 816/2513/838 820/2514/838
f 685/2515/839 717/2516/839 686/2517/839
f 688/2518/840 699/2519/840 689/2520/840
f 815/2521/841 814/2522/841 690/2523/841
f 701/2524/842 700/2525/842 709/2526/842
f 706/2527/843 705/2528/843 703/2529/843
f 707/2530/844 826/2531/844 708/2532/844
f 714/2533/845 704/2534/845 715/2535/845
f 820/2536/846 819/2537/846 828/2538/846
f 710/2539/847 720/2540/847 711/2541/847
f 723/2542/848 713/2543/848 724/2544/848
f 722/2545/849 721/2546/849 813/2547/849
f 1116/2548/850 832/2549/850 834/2550/850
f 856/2551/851 835/2552/851 837/2553/851
f 1117/2554/852 838/2555/852 840/2556/852
f 1118/2557/853 841/2558/853 843/2559/853
f 857/2560/854 844/2561/854 846/2562/854
f 1119/2563/855 847/2564/855 849/2565/855
f 858/2566/856 850/2567/856 852/2568/856
f 1116/2569/857 834/2570/857 854/2571/857
f 859/2572/858 837/2573/858 855/2574/858
f 832/2575/859 840/2576/859 833/2577/859
f 843/2578/860 842/2579/860 856/2580/860
f 1118/2581/861 857/2582/861 841/2583/861
f 849/2584/862 848/2585/862 844/2586/862
f 1119/2587/863 852/2588/863 847/2589/863
f 854/2590/864 853/2591/864 858/2592/864
f 1117/2593/865 859/2594/865 838/2595/865
f 886/2596/866 860/2597/866 862/2598/866
f 1120/2599/867 863/2600/867 865/2601/867
f 1121/2602/868 866/2603/868 868/2604/868
f 885/2605/869 869/2606/869 871/2607/869
f 1122/2608/870 872/2609/870 874/2610/870
f 1123/2611/871 875/2612/871 877/2613/871
f 1124/2614/872 878/2615/872 880/2616/872
f 860/2617/873 881/2618/873 861/2619/873
f 880/2620/874 879/2621/874 884/2622/874
f 1123/2623/875 877/2624/875 881/2625/875
f 1124/2626/876 874/2627/876 878/2628/876
f 1122/2629/877 885/2630/877 872/2631/877
f 1121/2632/878 868/2633/878 869/2634/878
f 865/2635/879 864/2636/879 866/2637/879
f 1120/2638/880 886/2639/880 863/2640/880
f 875/2641/881 884/2642/881 876/2643/881
f 908/2644/882 887/2645/882 889/2646/882
f 918/2647/883 890/2648/883 892/2649/883
f 917/2650/884 893/2651/884 895/2652/884
f 916/2653/885 896/2654/885 898/2655/885
f 915/2656/886 899/2657/886 901/2658/886
f 914/2659/887 902/2660/887 904/2661/887
f 913/2662/888 905/2663/888 907/2664/888
f 912/2665/889 887/2666/889 909/2667/889
f 906/2668/890 905/2669/890 911/2670/890
f 903/2671/891 912/2672/891 904/2673/891
f 889/2674/892 888/2675/892 907/2676/892
f 899/2677/893 902/2678/893 900/2679/893
f 896/2680/894 915/2681/894 897/2682/894
f 894/2683/895 893/2684/895 898/2685/895
f 891/2686/896 917/2687/896 892/2688/896
f 911/2689/897 910/2690/897 918/2691/897
f 1060/2692/898 919/2693/898 921/2694/898
f 1056/2695/899 922/2696/899 924/2697/899
f 1125/2698/900 925/2699/900 927/2700/900
f 941/2701/901 928/2702/901 930/2703/901
f 1126/2704/902 931/2705/902 933/2706/902
f 954/2707/903 934/2708/903 936/2709/903
f 1127/2710/904 937/2711/904 939/2712/904
f 1065/2713/905 940/2714/905 941/2715/905
f 1067/2716/906 942/2717/906 944/2718/906
f 1064/2719/907 945/2720/907 947/2721/907
f 1066/2722/908 948/2723/908 950/2724/908
f 1070/2725/909 951/2726/909 953/2727/909
f 931/2728/910 954/2729/910 932/2730/910
f 1057/2731/911 955/2732/911 957/2733/911
f 1069/2734/912 958/2735/912 960/2736/912
f 1128/2737/913 921/2738/913 961/2739/913
f 984/2740/914 962/2741/914 964/2742/914
f 989/2743/915 965/2744/915 967/2745/915
f 1129/2746/916 968/2747/916 970/2748/916
f 988/2749/917 971/2750/917 973/2751/917
f 1130/2752/918 974/2753/918 976/2754/918
f 1131/2755/919 977/2756/919 979/2757/919
f 985/2758/920 980/2759/920 982/2760/920
f 987/2761/921 983/2762/921 984/2763/921
f 990/2764/922 985/2765/922 986/2766/922
f 1131/2767/923 979/2768/923 987/2769/923
f 980/2770/924 964/2771/924 981/2772/924
f 976/2773/925 975/2774/925 977/2775/925
f 1130/2776/926 988/2777/926 974/2778/926
f 970/2779/927 969/2780/927 971/2781/927
f 1129/2782/928 989/2783/928 968/2784/928
f 965/2785/929 990/2786/929 966/2787/929
f 1016/2788/930 991/2789/930 993/2790/930
f 1017/2791/931 994/2792/931 996/2793/931
f 1022/2794/932 997/2795/932 999/2796/932
f 1018/2797/933 1000/2798/933 1002/2799/933
f 1019/2800/934 1003/2801/934 1005/2802/934
f 1020/2803/935 1006/2804/935 1008/2805/935
f 1021/2806/936 1009/2807/936 1011/2808/936
f 992/2809/937 1012/2810/937 993/2811/937
f 995/2812/938 994/2813/938 1015/2814/938
f 998/2815/939 991/2816/939 999/2817/939
f 1001/2818/940 1017/2819/940 1002/2820/940
f 1003/2821/941 1000/2822/941 1004/2823/941
f 1007/2824/942 1019/2825/942 1008/2826/942
f 1009/2827/943 1006/2828/943 1010/2829/943
f 1012/2830/944 1021/2831/944 1013/2832/944
f 1014/2833/945 997/2834/945 1015/2835/945
f 1044/2836/946 1023/2837/946 1025/2838/946
f 1054/2839/947 1026/2840/947 1028/2841/947
f 1053/2842/948 1029/2843/948 1031/2844/948
f 1052/2845/949 1032/2846/949 1034/2847/949
f 1051/2848/950 1035/2849/950 1037/2850/950
f 1050/2851/951 1038/2852/951 1040/2853/951
f 1049/2854/952 1041/2855/952 1043/2856/952
f 1048/2857/953 1044/2858/953 1045/2859/953
f 1042/2860/954 1041/2861/954 1047/2862/954
f 1038/2863/955 1048/2864/955 1039/2865/955
f 1024/2866/956 1023/2867/956 1043/2868/956
f 1035/2869/957 1050/2870/957 1036/2871/957
f 1032/2872/958 1051/2873/958 1033/2874/958
f 1029/2875/959 1052/2876/959 1030/2877/959
f 1028/2878/960 1027/2879/960 1031/2880/960
f 1047/2881/961 1046/2882/961 1054/2883/961
f 1071/2884/962 1055/2885/962 1056/2886/962
f 1063/2887/963 1057/2888/963 1058/2889/963
f 1061/2890/964 930/2891/964 1059/2892/964
f 1126/2893/965 933/2894/965 1060/2895/965
f 1068/2896/966 1061/2897/966 1062/2898/966
f 955/2899/967 924/2900/967 956/2901/967
f 1127/2902/968 927/2903/968 937/2904/968
f 1125/2905/969 1063/2906/969 925/2907/969
f 939/2908/970 938/2909/970 1064/2910/970
f 944/2911/971 943/2912/971 1065/2913/971
f 947/2914/972 946/2915/972 1066/2916/972
f 953/2917/973 952/2918/973 1067/2919/973
f 934/2920/974 1068/2921/974 935/2922/974
f 950/2923/975 949/2924/975 1069/2925/975
f 1128/2926/976 961/2927/976 1070/2928/976
f 960/2929/977 959/2930/977 1071/2931/977
f 1097/2932/978 1072/2933/978 1074/2934/978
f 1098/2935/979 1075/2936/979 1077/2937/979
f 1103/2938/980 1078/2939/980 1080/2940/980
f 1099/2941/981 1081/2942/981 1083/2943/981
f 1100/2944/982 1084/2945/982 1086/2946/982
f 1101/2947/983 1087/2948/983 1089/2949/983
f 1102/2950/984 1090/2951/984 1092/2952/984
f 1072/2953/985 1093/2954/985 1073/2955/985
f 1075/2956/986 1095/2957/986 1076/2958/986
f 1079/2959/987 1078/2960/987 1074/2961/987
f 1082/2962/988 1098/2963/988 1083/2964/988
f 1084/2965/989 1081/2966/989 1085/2967/989
f 1088/2968/990 1100/2969/990 1089/2970/990
f 1091/2971/991 1087/2972/991 1092/2973/991
f 1093/2974/992 1090/2975/992 1094/2976/992
f 1095/2977/993 1103/2978/993 1096/2979/993
f 638/2980/994 644/2981/994 639/2982/994
o frontlights
v -0.308107 0.365874 1.148027
v -0.257704 0.38169 1.148027
v -0.25761 0.38169 1.16307
v -0.358509 0.482218 1.148027
v -0.358509 0.38169 1.148027
v -0.358415 0.38169 1.16307
v -0.358509 0.38169 1.148027
v -0.308107 0.365874 1.148027
v -0.308012 0.365874 1.16307
v -0.358415 0.482041 1.16307
v -0.358415 0.38169 1.16307
v -0.308012 0.365874 1.16307
v -0.257704 0.482218 1.148027
v -0.25761 0.482041 1.16307
v -0.25761 0.38169 1.16307
v -0.25761 0.482041 1.16307
v -0.308012 0.482041 1.16307
v 0.30811 0.365874 1.148026
v 0.308016 0.365874 1.163069
v 0.257613 0.38169 1.163069
v 0.358513 0.482218 1.148026
v 0.358418 0.482041 1.163069
v 0.358418 0.38169 1.163069
v 0.358513 0.38169 1.148026
v 0.358418 0.38169 1.163069
v 0.308016 0.365874 1.163069
v 0.358418 0.482041 1.163069
v 0.308016 0.482041 1.163069
v 0.308016 0.365874 1.163069
v 0.257613 0.38169 1.163069
v 0.257613 0.482041 1.163069
v 0.257707 0.482218 1.148026
v 0.257613 0.482041 1.163069
v -0.308012 0.365874 1.16307
v -0.358415 0.482041 1.16307
v -0.358415 0.38169 1.16307
v -0.257704 0.38169 1.148027
v -0.25761 0.38169 1.16307
v 0.257707 0.38169 1.148026
v 0.358513 0.38169 1.148026
v 0.30811 0.365874 1.148026
v 0.358418 0.38169 1.163069
v 0.257707 0.38169 1.148026
v 0.257613 0.38169 1.163069
vt 0 1
vt 0 1
vt 0 1
vt 0 1
vt 0 1
vt 0 1
vt 0 1
vt 0 1
vt 0 1
vt 0 1
vt 0 1
vt 0 1
vt 0 1
vt 0 1
vt 0 1
vt 0 1
vt 0 1
vt 0 1
vt 0 1
vt 0 1
vt 0 1
vt 0 1
vt 0 1
vt 0 1
vt 0 1
vt 0 1
vt 0 1
vt 0 1
vt 0 1
vt 0 1
vt 0 1
vt 0 1
vt 0 1
vt 0 1
vt 0 1
vt 0 1
vt 0 1
vt 0 1
vt 0 1
vt 0 1
vt 0 1
vt 0 1
vt 0 1
vt 0 1
vt 0 1
vt 0 1
vt 0 1
vt 0 1
vt 0 1
vt 0 1
vt 0 1
vt 0 1
vt 0 1
vt 0 1
vt 0 1
vt 0 1
vt 0 1
vt 0 1
vt 0 1
vt 0 1
vt 0 1
vt 0 1
vt 0 1
vt 0 1
vt 0 1
vt 0 1
vt 0 1
vt 0 1
vt 0 1
vt 0 1
vt 0 1
vt 0 1
vn 0.2993963201641758 -0.9541270058949775 -0.0018708538253957236
vn -0.9999804771111211 0 0.006248631579371336
vn -0.29940171662281523 -0.9541252732184582 0.0018907906055421933
vn 0 0 1
vn 0.999980477111121 0 -0.006248631579367646
vn 0 0 1
vn -0.2993963201641758 -0.9541270058949775 -0.0018708538253957047
vn 0.9999800595335258 0 0.006315103746307067
vn 0.2994017166228152 -0.9541252732184582 0.0018907906055421868
vn 0 0 1
vn -0.999980477111121 0 -0.006248631579371429
vn 0 0 1
vn 0.29940171662281523 -0.9541252732184582 -0.001890790605542159
vn -0.999980477111121 0 0.006248631579371336
vn -0.2993963201641761 -0.9541270058949775 0.0018708538253967837
vn 0 0 1
vn 0.9999804771111211 0 -0.006248631579367646
vn 0 0 1
vn -0.29939632016417606 -0.9541270058949775 -0.0018708538253968112
vn 0.9999800595335256 0 0.0063151037463070655
vn 0.2993963201641758 -0.9541270058949775 0.0018708538253957047
vn 0 0 1
vn -0.9999804771111211 0 -0.006248631579371428
vn 0 0 1
usemtl none
f 1135/2983/995 1136/2984/995 1137/2985/995
f 1138/2986/996 1139/2987/996 1140/2988/996
f 1141/2989/997 1142/2990/997 1143/2991/997
f 1144/2992/998 1145/2993/998 1146/2994/998
f 1147/2995/999 1148/2996/999 1149/2997/999
f 1150/2998/1000 1151/2999/1000 1146/3000/1000
f 1152/3001/1001 1153/3002/1001 1154/3003/1001
f 1155/3004/1002 1156/3005/1002 1157/3006/1002
f 1158/3007/1003 1159/3008/1003 1160/3009/1003
f 1161/3010/1004 1162/3011/1004 1163/3012/1004
f 1164/3013/1005 1165/3014/1005 1166/3015/1005
f 1163/3016/1006 1162/3017/1006 1167/3018/1006
f 1168/3019/1007 1135/3020/1007 1137/3021/1007
f 1169/3022/1008 1138/3023/1008 1140/3024/1008
f 1170/3025/1009 1141/3026/1009 1143/3027/1009
f 1151/3028/1010 1144/3029/1010 1146/3030/1010
f 1171/3031/1011 1147/3032/1011 1149/3033/1011
f 1172/3034/1012 1150/3035/1012 1146/3036/1012
f 1173/3037/1013 1152/3038/1013 1154/3039/1013
f 1174/3040/1014 1155/3041/1014 1157/3042/1014
f 1175/3043/1015 1158/3044/1015 1160/3045/1015
f 1176/3046/1016 1161/3047/1016 1163/3048/1016
f 1177/3049/1017 1164/3050/1017 1166/3051/1017
f 1178/3052/1018 1163/3053/1018 1167/3054/1018
o felgen
v -0.211501 0.435567 -0.975212
v -0.211501 0.435567 -0.986922
v -0.211501 0.327541 -1.000244
v 0.211499 0.327541 -1.000244
v 0.211499 0.435567 -0.986922
v 0.211499 0.435567 -0.975212
v 0.211499 0.435567 -0.975212
v 0.211499 0.435567 -0.986922
v -0.211501 0.435567 -0.986922
v -0.211501 0.327541 -1.000244
v 0.211499 0.327541 -1.000244
v 0.211499 0.327541 -0.988534
v 0.211499 0.435567 -0.986922
v 0.211499 0.327541 -1.000244
v -0.211501 0.327541 -1.000244
v -0.211501 0.327541 -0.988534
v 0.211499 0.327541 -0.988534
v -0.211501 0.435567 -0.975212
v -0.211501 0.327541 -0.988534
v -0.211501 0.435567 -0.986922
v -0.468001 0.18 -0.788868
v -0.468001 0.139704 -0.780853
v -0.468001 0.18 -0.683568
v -0.468001 0.105542 -0.758026
v -0.468001 0.082716 -0.723865
v -0.468001 0.220297 -0.586284
v -0.468001 0.254458 -0.60911
v -0.468001 0.0747 -0.683568
v -0.468001 0.082716 -0.643272
v -0.468001 0.139704 -0.586284
v -0.468001 0.18 -0.578268
v -0.468001 0.277285 -0.723865
v -0.468001 0.254458 -0.758026
v -0.468001 0.220297 -0.780853
v -0.468001 0.277285 -0.643272
v -0.468001 0.2853 -0.683568
v -0.468001 0.105542 -0.60911
v -0.467999 0.18 0.669132
v -0.467999 0.139704 0.677147
v -0.467999 0.18 0.774432
v -0.467999 0.105542 0.699974
v -0.467999 0.082716 0.734135
v -0.467999 0.220297 0.871716
v -0.467999 0.254458 0.84889
v -0.467999 0.0747 0.774432
v -0.467999 0.082716 0.814728
v -0.467999 0.139704 0.871716
v -0.467999 0.18 0.879732
v -0.467999 0.277285 0.734135
v -0.467999 0.254458 0.699974
v -0.467999 0.220297 0.677147
v -0.467999 0.277285 0.814728
v -0.467999 0.2853 0.774432
v -0.467999 0.105542 0.84889
v 0.467999 0.18 -0.788869
v 0.467999 0.18 -0.683569
v 0.467999 0.139704 -0.780854
v 0.467999 0.105542 -0.758028
v 0.467999 0.082716 -0.723866
v 0.467999 0.220297 -0.586285
v 0.467999 0.254458 -0.609111
v 0.467999 0.0747 -0.683569
v 0.467999 0.082716 -0.643273
v 0.467999 0.139704 -0.586285
v 0.467999 0.18 -0.578269
v 0.467999 0.277285 -0.723866
v 0.467999 0.254458 -0.758028
v 0.467999 0.220297 -0.780854
v 0.467999 0.277285 -0.643273
v 0.467999 0.2853 -0.683569
v 0.467999 0.105542 -0.609111
v 0.468001 0.18 0.669131
v 0.468001 0.18 0.774431
v 0.468001 0.139704 0.677146
v 0.468001 0.105542 0.699972
v 0.468001 0.082716 0.734134
v 0.468001 0.220297 0.871715
v 0.468001 0.254458 0.848889
v 0.468001 0.0747 0.774431
v 0.468001 0.082716 0.814727
v 0.468001 0.139704 0.871715
v 0.468001 0.18 0.879731
v 0.468001 0.277285 0.734134
v 0.468001 0.254458 0.699972
v 0.468001 0.220297 0.677146
v 0.468001 0.277285 0.814727
v 0.468001 0.2853 0.774431
v 0.468001 0.105542 0.848889
vt 0 1
vt 0 1
vt 0 1
vt 0 1
vt 0 1
vt 0 1
vt 0 1
vt 0 1
vt 0 1
vt 0 1
vt 0 1
vt 0 1
vt 0 1
vt 0 1
vt 0 1
vt 0 1
vt 0 1
vt 0 1
vt 0 1
vt 0 1
vt 0 1
vt 0 1
vt 0 1
vt 0 1
vt 0 1
vt 0 1
vt 0 1
vt 0 1
vt 0 1
vt 0 1
vt 0 1
vt 0 1
vt 0 1
vt 0 1
vt 0 1
vt 0 1
vt 0 1
vt 0 1
vt 0 1
vt 0 1
vt 0 1
vt 0 1
vt 0 1
vt 0 1
vt 0 1
vt 0 1
vt 0 1
vt 0 1
vt 0 1
vt 0 1
vt 0 1
vt 0 1
vt 0 1
vt 0 1
vt 0 1
vt 0 1
vt 0 1
vt 0 1
vt 0 1
vt 0 1
vt 0 1
vt 0 1
vt 0 1
vt 0 1
vt 0 1
vt 0 1
vt 0 1
vt 0 1
vt 0 1
vt 0 1
vt 0 1
vt 0 1
vt 0 1
vt 0 1
vt 0 1
vt 0 1
vt 0 1
vt 0 1
vt 0 1
vt 0 1
vt 0 1
vt 0 1
vt 0 1
vt 0 1
vt 0 1
vt 0 1
vt 0 1
vt 0 1
vt 0 1
vt 0 1
vt 0 1
vt 0 1
vt 0 1
vt 0 1
vt 0 1
vt 0 1
vt 0 1
vt 0 1
vt 0 1
vt 0 1
vt 0 1
vt 0 1
vt 0 1
vt 0 1
vt 0 1
vt 0 1
vt 0 1
vt 0 1
vt 0 1
vt 0 1
vt 0 1
vt 0 1
vt 0 1
vt 0 1
vt 0 1
vt 0 1
vt 0 1
vt 0 1
vt 0 1
vt 0 1
vt 0 1
vt 0 1
vt 0 1
vt 0 1
vt 0 1
vt 0 1
vt 0 1
vt 0 1
vt 0 1
vt 0 1
vt 0 1
vt 0 1
vt 0 1
vt 0 1
vt 0 1
vt 0 1
vt 0 1
vt 0 1
vt 0 1
vt 0 1
vt 0 1
vt 0 1
vt 0 1
vt 0 1
vt 0 1
vt 0 1
vt 0 1
vt 0 1
vt 0 1
vt 0 1
vt 0 1
vt 0 1
vt 0 1
vt 0 1
vt 0 1
vt 0 1
vt 0 1
vt 0 1
vt 0 1
vt 0 1
vt 0 1
vt 0 1
vt 0 1
vt 0 1
vt 0 1
vt 0 1
vt 0 1
vt 0 1
vt 0 1
vt 0 1
vt 0 1
vt 0 1
vt 0 1
vt 0 1
vt 0 1
vt 0 1
vt 0 1
vt 0 1
vt 0 1
vt 0 1
vt 0 1
vt 0 1
vt 0 1
vt 0 1
vt 0 1
vt 0 1
vt 0 1
vt 0 1
vt 0 1
vt 0 1
vt 0 1
vt 0 1
vt 0 1
vt 0 1
vt 0 1
vt 0 1
vt 0 1
vt 0 1
vt 0 1
vt 0 1
vt 0 1
vt 0 1
vt 0 1
vt 0 1
vt 0 1
vt 0 1
vt 0 1
vt 0 1
vt 0 1
vt 0 1
vt 0 1
vt 0 1
vt 0 1
vt 0 1
vt 0 1
vt 0 1
vt 0 1
vt 0 1
vt 0 1
vt 0 1
vt 0 1
vt 0 1
vn -1 0 0
vn 1 0 0
vn 0 1 0
vn 0 -1 0
vn 0 0.12239496210737387 -0.9924814724974642
vn -1 0 0
vn 1 0 0
vn 0 1 0
vn 0 -1 0
vn 0 0.12239496210737387 -0.9924814724974642
vn -1 0 0
vn -1 0 0
vn -1 0 0
vn -1 0 0
vn -1 0 0
vn -1 0 0
vn -1 0 0
vn -1 0 0
vn -1 0 0
vn -1 0 0
vn -1 0 0
vn -1 0 0
vn -1 0 0
vn -1 0 0
vn -1 0 0
vn -1 0 0
vn -1 0 0
vn -1 0 0
vn -1 0 0
vn -1 0 0
vn -1 0 0
vn -1 0 0
vn -1 0 0
vn -1 0 0
vn -1 0 0
vn -1 0 0
vn -1 0 0
vn -1 0 0
vn -1 0 0
vn -1 0 0
vn -1 0 0
vn -1 0 0
vn 1 0 0
vn 1 0 0
vn 1 0 0
vn 1 0 0
vn 1 0 0
vn 1 0 0
vn 1 0 0
vn 1 0 0
vn 1 0 0
vn 1 0 0
vn 1 0 0
vn 1 0 0
vn 1 0 0
vn 1 0 0
vn 1 0 0
vn 1 0 0
vn 1 0 0
vn 1 0 0
vn 1 0 0
vn 1 0 0
vn 1 0 0
vn 1 0 0
vn 1 0 0
vn 1 0 0
vn 1 0 0
vn 1 0 0
vn 1 0 0
vn 1 0 0
vn 1 0 0
vn 1 0 0
vn 1 0 0
vn 1 0 0
usemtl none
f 1179/3055/1019 1180/3056/1019 1181/3057/1019
f 1182/3058/1020 1183/3059/1020 1184/3060/1020
f 1185/3061/1021 1186/3062/1021 1187/3063/1021
f 1188/3064/1022 1189/3065/1022 1190/3066/1022
f 1191/3067/1023 1192/3068/1023 1193/3069/1023
f 1194/3070/1024 1179/3071/1024 1181/3072/1024
f 1195/3073/1025 1182/3074/1025 1184/3075/1025
f 1196/3076/1026 1185/3077/1026 1187/3078/1026
f 1197/3079/1027 1188/3080/1027 1190/3081/1027
f 1198/3082/1028 1191/3083/1028 1193/3084/1028
f 1199/3085/1029 1200/3086/1029 1201/3087/1029
f 1202/3088/1030 1203/3089/1030 1201/3090/1030
f 1204/3091/1031 1205/3092/1031 1201/3093/1031
f 1206/3094/1032 1207/3095/1032 1201/3096/1032
f 1208/3097/1033 1209/3098/1033 1201/3099/1033
f 1210/3100/1034 1211/3101/1034 1201/3102/1034
f 1209/3103/1035 1204/3104/1035 1201/3105/1035
f 1212/3106/1036 1199/3107/1036 1201/3108/1036
f 1200/3109/1037 1202/3110/1037 1201/3111/1037
f 1213/3112/1038 1214/3113/1038 1201/3114/1038
f 1203/3115/1039 1206/3116/1039 1201/3117/1039
f 1207/3118/1040 1215/3119/1040 1201/3120/1040
f 1215/3121/1041 1208/3122/1041 1201/3123/1041
f 1214/3124/1042 1210/3125/1042 1201/3126/1042
f 1205/3127/1043 1213/3128/1043 1201/3129/1043
f 1211/3130/1044 1212/3131/1044 1201/3132/1044
f 1216/3133/1045 1217/3134/1045 1218/3135/1045
f 1219/3136/1046 1220/3137/1046 1218/3138/1046
f 1221/3139/1047 1222/3140/1047 1218/3141/1047
f 1223/3142/1048 1224/3143/1048 1218/3144/1048
f 1225/3145/1049 1226/3146/1049 1218/3147/1049
f 1227/3148/1050 1228/3149/1050 1218/3150/1050
f 1226/3151/1051 1221/3152/1051 1218/3153/1051
f 1229/3154/1052 1216/3155/1052 1218/3156/1052
f 1217/3157/1053 1219/3158/1053 1218/3159/1053
f 1230/3160/1054 1231/3161/1054 1218/3162/1054
f 1220/3163/1055 1223/3164/1055 1218/3165/1055
f 1224/3166/1056 1232/3167/1056 1218/3168/1056
f 1232/3169/1057 1225/3170/1057 1218/3171/1057
f 1231/3172/1058 1227/3173/1058 1218/3174/1058
f 1222/3175/1059 1230/3176/1059 1218/3177/1059
f 1228/3178/1060 1229/3179/1060 1218/3180/1060
f 1233/3181/1061 1234/3182/1061 1235/3183/1061
f 1236/3184/1062 1234/3185/1062 1237/3186/1062
f 1238/3187/1063 1234/3188/1063 1239/3189/1063
f 1240/3190/1064 1234/3191/1064 1241/3192/1064
f 1242/3193/1065 1234/3194/1065 1243/3195/1065
f 1244/3196/1066 1234/3197/1066 1245/3198/1066
f 1243/3199/1067 1234/3200/1067 1238/3201/1067
f 1246/3202/1068 1234/3203/1068 1233/3204/1068
f 1235/3205/1069 1234/3206/1069 1236/3207/1069
f 1247/3208/1070 1234/3209/1070 1248/3210/1070
f 1237/3211/1071 1234/3212/1071 1240/3213/1071
f 1241/3214/1072 1234/3215/1072 1249/3216/1072
f 1249/3217/1073 1234/3218/1073 1242/3219/1073
f 1248/3220/1074 1234/3221/1074 1244/3222/1074
f 1239/3223/1075 1234/3224/1075 1247/3225/1075
f 1245/3226/1076 1234/3227/1076 1246/3228/1076
f 1250/3229/1077 1251/3230/1077 1252/3231/1077
f 1253/3232/1078 1251/3233/1078 1254/3234/1078
f 1255/3235/1079 1251/3236/1079 1256/3237/1079
f 1257/3238/1080 1251/3239/1080 1258/3240/1080
f 1259/3241/1081 1251/3242/1081 1260/3243/1081
f 1261/3244/1082 1251/3245/1082 1262/3246/1082
f 1260/3247/1083 1251/3248/1083 1255/3249/1083
f 1263/3250/1084 1251/3251/1084 1250/3252/1084
f 1252/3253/1085 1251/3254/1085 1253/3255/1085
f 1264/3256/1086 1251/3257/1086 1265/3258/1086
f 1254/3259/1087 1251/3260/1087 1257/3261/1087
f 1258/3262/1088 1251/3263/1088 1266/3264/1088
f 1266/3265/1089 1251/3266/1089 1259/3267/1089
f 1265/3268/1090 1251/3269/1090 1261/3270/1090
f 1256/3271/1091 1251/3272/1091 1264/3273/1091
f 1262/3274/1092 1251/3275/1092 1263/3276/1092
o baseline
v 0.4375 0.1875 1.125
v 0.4375 0.1875 -1
v 0.4375 0.1875 1.125
v 0.4375 0.1875 -1
v -0.4375 0.1875 -1
v -0.4375 0.1875 1.125
v -0.4375 0.1875 -1
v -0.4375 0.1875 1.125
vt 0.0625 1
vt 0.9375 1
vt 0.9375 1
vt 0.0625 1
vt 0 1
vt 1 1
vt 1 1
vt 0 1
vt 0.0625 1
vt 0.9375 1
vt 0.9375 1
vt 0.0625 1
vt 0 1
vt 1 1
vt 1 1
vt 0 1
vt 0.9375 0
vt 0.0625 0
vt 0.0625 1
vt 0.9375 1
vt 0.9375 0
vt 0.0625 0
vt 0.0625 1
vt 0.9375 1
vn 0 0 -1
vn 1 0 0
vn 0 0 1
vn -1 0 0
vn 0 1 0
vn 0 -1 0
usemtl none
f 1270/3280/1093 1273/3279/1093 1271/3278/1093 1268/3277/1093
f 1269/3284/1094 1270/3283/1094 1268/3282/1094 1267/3281/1094
f 1274/3288/1095 1269/3287/1095 1267/3286/1095 1272/3285/1095
f 1273/3292/1096 1274/3291/1096 1272/3290/1096 1271/3289/1096
f 1272/3296/1097 1267/3295/1097 1268/3294/1097 1271/3293/1097
f 1273/3300/1098 1270/3299/1098 1269/3298/1098 1274/3297/1098